fileName,relativePath,extension,initialClass,inferredGrades,subject,sha256,decision
DA TTV1 QG 2026.HN.pdf,20252026 VIOLYMPIC TOÁN VQG/DA TTV1 QG 2026.HN.pdf,.pdf,non-OCR,1,math,3A341291A7DDC80D8C03954C40F83DA4AE0CA0CB3788E5CF97CA69F3A057D4DF,Đã nhập nguồn — 1 câu kiểm chứng
DA TTV1 QG 2026.pdf,20252026 VIOLYMPIC TOÁN VQG/DA TTV1 QG 2026.pdf,.pdf,non-OCR,1,math,D4FADA7879FDFBA79CA8460A531C15E21BD3E7563CE8DAAC4A0CA568219A5561,Đã lập danh mục — chưa có câu đủ điều kiện phát hành
DA TTV3 QG 2026.pdf,20252026 VIOLYMPIC TOÁN VQG/DA TTV3 QG 2026.pdf,.pdf,non-OCR,3,math,A20B8354EBB7250B131F31B9A7633DDE4FC088363CF62B9E04B54E97B8F57452,Đã lập danh mục — chưa có câu đủ điều kiện phát hành
DA TTV4 QG 2026.HN.pdf,20252026 VIOLYMPIC TOÁN VQG/DA TTV4 QG 2026.HN.pdf,.pdf,non-OCR,4,math,E6E160DB743C4BF245B0708ECB898728DDE0BCF01EBEE7C86EC6D7444C7DF75B,Đã lập danh mục — chưa có câu đủ điều kiện phát hành
DA TTV4 QG 2026.pdf,20252026 VIOLYMPIC TOÁN VQG/DA TTV4 QG 2026.pdf,.pdf,non-OCR,4,math,8315CD6BB1B49280D1D21C1F989425298BFE47221FE6F5F9C07918B92C304D1B,Đã lập danh mục — chưa có câu đủ điều kiện phát hành
DA TTV5 QG 2026.HN.pdf,20252026 VIOLYMPIC TOÁN VQG/DA TTV5 QG 2026.HN.pdf,.pdf,non-OCR,5,math,6F16BE408EB7E83FAB3FAE347513231FC8BAD482E047982BE98FCBA61A08B161,Đã lập danh mục — chưa có câu đủ điều kiện phát hành
DA TTV5 QG 2026.pdf,20252026 VIOLYMPIC TOÁN VQG/DA TTV5 QG 2026.pdf,.pdf,non-OCR,5,math,966C303C3FF4BD9FAE21525CEC59AE2EF9E20243232B04C71FBE6FEB6CE949D1,Đã lập danh mục — chưa có câu đủ điều kiện phát hành
DA.TTV2 QG 2026.HN.pdf,20252026 VIOLYMPIC TOÁN VQG/DA.TTV2 QG 2026.HN.pdf,.pdf,non-OCR,2,math,5ED756C6214B1F31140C752676CD17C2E1CAAC1AF85E4E5DC555396BC4E63D5B,Đã lập danh mục — chưa có câu đủ điều kiện phát hành
DE TTV1 QG 2026.HN.pdf,20252026 VIOLYMPIC TOÁN VQG/DE TTV1 QG 2026.HN.pdf,.pdf,non-OCR,1,math,B74A9FABBF044221F63011A11DD93F13F93FBE2FFBBBF74848046550F9F737ED,Đã nhập nguồn — 1 câu kiểm chứng
DE TTV1 QG 2026.pdf,20252026 VIOLYMPIC TOÁN VQG/DE TTV1 QG 2026.pdf,.pdf,non-OCR,1,math,7AE096CDBD53627073817C58CA7CBC4437ED7E84429517D6EFBCE548840DAD97,Đã nhập nguồn — 1 câu kiểm chứng
DE TTV2 QG 2026.HN.pdf,20252026 VIOLYMPIC TOÁN VQG/DE TTV2 QG 2026.HN.pdf,.pdf,non-OCR,2,math,2D56EA4106CD4917B3CFE1852D48EC076E50319DB44A2131A58EC18703B50B6D,Đã lập danh mục — chưa có câu đủ điều kiện phát hành
DE TTV2 QG 2026.pdf,20252026 VIOLYMPIC TOÁN VQG/DE TTV2 QG 2026.pdf,.pdf,non-OCR,2,math,25F3D5AD5A3CA7B326FB4873C67FF0D88F09863E289B7A8C937352415F8E1C9C,Đã lập danh mục — chưa có câu đủ điều kiện phát hành
DE TTV3 QG 2026.pdf,20252026 VIOLYMPIC TOÁN VQG/DE TTV3 QG 2026.pdf,.pdf,non-OCR,3,math,F503CDC73585DCEB4407590EB3F1DAF8A15972C52ED01A46B33CE4A202D19145,Đã lập danh mục — chưa có câu đủ điều kiện phát hành
DE TTV4 QG 2026.HN.pdf,20252026 VIOLYMPIC TOÁN VQG/DE TTV4 QG 2026.HN.pdf,.pdf,non-OCR,4,math,00E41A27425DB0516A6DA457F20C575F6C65F6B4D062BD8A1DB77BBFF2D1C10E,Đã nhập nguồn — 1 câu kiểm chứng
DE TTV4 QG 2026.pdf,20252026 VIOLYMPIC TOÁN VQG/DE TTV4 QG 2026.pdf,.pdf,non-OCR,4,math,1F2115E8426076B91C838D44D9D37AFFDC4DC5232DFBEFCC5F121C6535A46BBC,Đã lập danh mục — chưa có câu đủ điều kiện phát hành
DE TTV5 QG 2026.HN (1).pdf,20252026 VIOLYMPIC TOÁN VQG/DE TTV5 QG 2026.HN (1).pdf,.pdf,non-OCR,5,math,E90B792E5A94F1FE91CB8EFD17535165B91B976CD46560B8A37C44F71765D1C4,Bỏ qua — bản sao trùng hash
DE TTV5 QG 2026.HN.pdf,20252026 VIOLYMPIC TOÁN VQG/DE TTV5 QG 2026.HN.pdf,.pdf,non-OCR,5,math,E90B792E5A94F1FE91CB8EFD17535165B91B976CD46560B8A37C44F71765D1C4,Đã lập danh mục — chưa có câu đủ điều kiện phát hành
DE TTV5 QG 2026.pdf,20252026 VIOLYMPIC TOÁN VQG/DE TTV5 QG 2026.pdf,.pdf,non-OCR,5,math,7C26F4C38C502317968A62D4D4F2FB8B562FFA55ED7BC2AE8AAA69F428909B41,Đã lập danh mục — chưa có câu đủ điều kiện phát hành
VIOLYMPIC TOÁN 1_329 CÂU HỎI ÔN TẬP VÒNG QUỐC GIA_2025-2026_CÔ THÚY_PHẦN ĐÁP ÁN.pdf,20252026 VIOLYMPIC TOÁN VQG/VIOLYMPIC TOÁN 1_329 CÂU HỎI ÔN TẬP VÒNG QUỐC GIA_2025-2026_CÔ THÚY_PHẦN ĐÁP ÁN.pdf,.pdf,non-OCR,1,math,D4FADA7879FDFBA79CA8460A531C15E21BD3E7563CE8DAAC4A0CA568219A5561,Bỏ qua — bản sao trùng hash
VIOLYMPIC TOÁN 1_329 CÂU HỎI ÔN TẬP VÒNG QUỐC GIA_2025-2026_CÔ THÚY_PHẦN ĐỀ.pdf,20252026 VIOLYMPIC TOÁN VQG/VIOLYMPIC TOÁN 1_329 CÂU HỎI ÔN TẬP VÒNG QUỐC GIA_2025-2026_CÔ THÚY_PHẦN ĐỀ.pdf,.pdf,non-OCR,1,math,7AE096CDBD53627073817C58CA7CBC4437ED7E84429517D6EFBCE548840DAD97,Bỏ qua — bản sao trùng hash
VIOLYMPIC TOÁN 2_316 CÂU HỎI ÔN TẬP VÒNG QUỐC GIA_2025-2026_THẦY NAM THẮNG_PHẦN ĐỀ.pdf,20252026 VIOLYMPIC TOÁN VQG/VIOLYMPIC TOÁN 2_316 CÂU HỎI ÔN TẬP VÒNG QUỐC GIA_2025-2026_THẦY NAM THẮNG_PHẦN ĐỀ.pdf,.pdf,non-OCR,2,math,25F3D5AD5A3CA7B326FB4873C67FF0D88F09863E289B7A8C937352415F8E1C9C,Bỏ qua — bản sao trùng hash
VIOLYMPIC TOÁN 3_308 CÂU HỎI ÔN TẬP VÒNG QUỐC GIA_2025-2026_THẦY NAM THẮNG_PHẦN ĐÁP ÁN.pdf,20252026 VIOLYMPIC TOÁN VQG/VIOLYMPIC TOÁN 3_308 CÂU HỎI ÔN TẬP VÒNG QUỐC GIA_2025-2026_THẦY NAM THẮNG_PHẦN ĐÁP ÁN.pdf,.pdf,non-OCR,3,math,A20B8354EBB7250B131F31B9A7633DDE4FC088363CF62B9E04B54E97B8F57452,Bỏ qua — bản sao trùng hash
VIOLYMPIC TOÁN 3_308 CÂU HỎI ÔN TẬP VÒNG QUỐC GIA_2025-2026_THẦY NAM THẮNG_PHẦN ĐỀ.pdf,20252026 VIOLYMPIC TOÁN VQG/VIOLYMPIC TOÁN 3_308 CÂU HỎI ÔN TẬP VÒNG QUỐC GIA_2025-2026_THẦY NAM THẮNG_PHẦN ĐỀ.pdf,.pdf,non-OCR,3,math,F503CDC73585DCEB4407590EB3F1DAF8A15972C52ED01A46B33CE4A202D19145,Bỏ qua — bản sao trùng hash
ĐỀ TTV2 QG 2026.HN.pdf,20252026 VIOLYMPIC TOÁN VQG/ĐỀ TTV2 QG 2026.HN.pdf,.pdf,non-OCR,2,math,31FCDFF6866E31925CD8533C1F4049B05061E9174954A6189EBFF3AFDCE177BE,Đã lập danh mục — chưa có câu đủ điều kiện phát hành
ĐỀ TTV3 QG 2026.pdf,20252026 VIOLYMPIC TOÁN VQG/ĐỀ TTV3 QG 2026.pdf,.pdf,non-OCR,3,math,D6C235CCBF6797FA2C2F398B1012285239E2BCCCD37AA2F24D96E4BDF8D1F201,Đã nhập nguồn — 2 câu kiểm chứng
252-de-thi-toan-violympic-lop-3(1).pdf,252-de-thi-toan-violympic-lop-3(1).pdf,.pdf,non-OCR,3,math,C8B3ED740ED7267F0912E55F5E592BBEE016B01C01F316AE9743D1B8497FEA3B,Bỏ qua — bản sao trùng hash
252-de-thi-toan-violympic-lop-3.pdf,252-de-thi-toan-violympic-lop-3.pdf,.pdf,non-OCR,3,math,C8B3ED740ED7267F0912E55F5E592BBEE016B01C01F316AE9743D1B8497FEA3B,Đã lập danh mục — chưa có câu đủ điều kiện phát hành
3. Luyện OLYMPIC L3 ok.doc,3. Luyện OLYMPIC L3 ok.doc,.doc,non-OCR,3,math,26C3298FE93E82FD93C6343DD9165336F77B8A85D5B694A803E13CBC236CF98F,Bỏ qua — định dạng DOC cũ chưa đọc trực tiếp an toàn
BỘ ĐỀ THI VIOLYPIC TOÁN LỚP 2 CÓ ĐÁP ÁN.pdf,BỘ ĐỀ THI VIOLYPIC TOÁN LỚP 2 CÓ ĐÁP ÁN.pdf,.pdf,non-OCR,2,math,918A825B29EDA1715052F0DBCF9E448976BB2615F762BAEA5A028788E66801BF,Đã nhập nguồn — 2 câu kiểm chứng
cac-dang-toan-tu-luyen-thi-violympic-toan-lop-2.pdf,cac-dang-toan-tu-luyen-thi-violympic-toan-lop-2.pdf,.pdf,non-OCR,2,math,F505660B4A506802778C62A236CDC13281EA64480BF95C90E1DE56D221AF676F,Đã lập danh mục — chưa có câu đủ điều kiện phát hành
CT-V7-TTA2-PHANDE.pdf,CT-V7-TTA2-PHANDE.pdf,.pdf,OCR/scan,2,math_en,4ACC81B3945B1B304C8DC5096FB43A01638BA70F1718D3E83EC788C45AF3B8E4,Bỏ qua — cần OCR
TTV3-VONG10-PHANDAPAN.pdf,DE THI TU VONG 1-9  violympic TTV LỚP 3/LỚP 3/TTV3-VONG10-PHANDAPAN.pdf,.pdf,OCR/scan,3,math,6B5F3041141F23E18EA6591EB416851C356387EDF77B1B358D8B06382B30D4D9,Bỏ qua — cần OCR
TTV3-VONG10-PHANDE.pdf,DE THI TU VONG 1-9  violympic TTV LỚP 3/LỚP 3/TTV3-VONG10-PHANDE.pdf,.pdf,OCR/scan,3,math,307D8D2B97B29B8742B79E4688208D21466D1CBA7498AB98B1E4141BED90C3AC,Bỏ qua — cần OCR
TTV3-VONG2-PHANDE.pdf,DE THI TU VONG 1-9  violympic TTV LỚP 3/LỚP 3/TTV3-VONG2-PHANDE.pdf,.pdf,OCR/scan,3,math,437F153D58AB12AC91093025E8C2A15A785BD6EDE1EF9884760246C3F2680D8B,Bỏ qua — cần OCR
TTV3-VONG4-PHANDE.pdf,DE THI TU VONG 1-9  violympic TTV LỚP 3/LỚP 3/TTV3-VONG4-PHANDE.pdf,.pdf,OCR/scan,3,math,A7C0D061FBF8525371E8D5BF2A1193D84E61FAF2A476D22118CE44D1BBB45998,Bỏ qua — cần OCR
TTV3-VONG5-PHANDAPAN.pdf,DE THI TU VONG 1-9  violympic TTV LỚP 3/LỚP 3/TTV3-VONG5-PHANDAPAN.pdf,.pdf,OCR/scan,3,math,F9B593DB05B984C3ED70DBA4899D866BB0D3A177BDE20CE3BE1FC5BE57F5C3DA,Bỏ qua — cần OCR
TTV3-VONG5-PHANDE.pdf,DE THI TU VONG 1-9  violympic TTV LỚP 3/LỚP 3/TTV3-VONG5-PHANDE.pdf,.pdf,OCR/scan,3,math,1FAAB446286278E4EEDABE66104D37B79EAD53ACCA8D0C64ECBC8B702ECC4A81,Bỏ qua — cần OCR
TTV3-VONG6-PHANDE.pdf,DE THI TU VONG 1-9  violympic TTV LỚP 3/LỚP 3/TTV3-VONG6-PHANDE.pdf,.pdf,OCR/scan,3,math,D9B8CC849F40641511A1ACD5F97DED03D73AF12404B5AB33C36079B873C3DFDE,Bỏ qua — cần OCR
TTV3-VONG7-PHANDAPAN.pdf,DE THI TU VONG 1-9  violympic TTV LỚP 3/LỚP 3/TTV3-VONG7-PHANDAPAN.pdf,.pdf,OCR/scan,3,math,60748F4756842F71C9AD6475145A0E853D201D473C13FA5E003CD4E043C2814B,Bỏ qua — cần OCR
TTV3-VONG7-PHANDE.pdf,DE THI TU VONG 1-9  violympic TTV LỚP 3/LỚP 3/TTV3-VONG7-PHANDE.pdf,.pdf,OCR/scan,3,math,7370D9B9634CFB1FE985B18494E8FA107CE3255A2C0AEA44279C85919A6A2E5C,Bỏ qua — cần OCR
TTV3-VONG8-PHANDAPAN.pdf,DE THI TU VONG 1-9  violympic TTV LỚP 3/LỚP 3/TTV3-VONG8-PHANDAPAN.pdf,.pdf,OCR/scan,3,math,03D0343F10C566C715CC1B24B8806B1F7C9C6BDED0EAF242653064E5D6456A47,Bỏ qua — cần OCR
TTV3-VONG8-PHANDE.pdf,DE THI TU VONG 1-9  violympic TTV LỚP 3/LỚP 3/TTV3-VONG8-PHANDE.pdf,.pdf,OCR/scan,3,math,E73CFAFB93CAF7F90B1BFB05726E7333140D1D852DC3B1E63E9788F4FACB6732,Bỏ qua — cần OCR
TTV5-VONG1-PHANDE.pdf,DE THI TỪ VÒNG 1-9 violympic  TTV LỚP 5/LỚP 5/TTV5-VONG1-PHANDE.pdf,.pdf,OCR/scan,5,math,F3D82D6729531682955849FC073911B5FCBADABB4A320120F4CB9E3662390463,Bỏ qua — cần OCR
TTV5-VONG2-PHANDAPAN.pdf,DE THI TỪ VÒNG 1-9 violympic  TTV LỚP 5/LỚP 5/TTV5-VONG2-PHANDAPAN.pdf,.pdf,OCR/scan,5,math,FB638DE549E5E75AFE8915A50D62DBA5F0FE3208C1E036D8F9F65A67B5568F1A,Bỏ qua — cần OCR
TTV5-VONG2-PHANDE.pdf,DE THI TỪ VÒNG 1-9 violympic  TTV LỚP 5/LỚP 5/TTV5-VONG2-PHANDE.pdf,.pdf,OCR/scan,5,math,04F8C549A5FAADAC5DC920455C10B5E46815BD804C108C7AC57C588AA048AB6F,Bỏ qua — cần OCR
TTV5-VONG3-PHANDE.pdf,DE THI TỪ VÒNG 1-9 violympic  TTV LỚP 5/LỚP 5/TTV5-VONG3-PHANDE.pdf,.pdf,OCR/scan,5,math,2AD5821CE3B16230A195CA733A026178FBDC1E1275F5EF9A60552FFFB2A37B42,Bỏ qua — cần OCR
TTV5-VONG4-PHANDAPAN.pdf,DE THI TỪ VÒNG 1-9 violympic  TTV LỚP 5/LỚP 5/TTV5-VONG4-PHANDAPAN.pdf,.pdf,OCR/scan,5,math,0B8430FA0A2E3F11E178A95826213D24CF15CC179911CCE8D3522E541C643E75,Bỏ qua — cần OCR
TTV5-VONG4-PHANDE.pdf,DE THI TỪ VÒNG 1-9 violympic  TTV LỚP 5/LỚP 5/TTV5-VONG4-PHANDE.pdf,.pdf,OCR/scan,5,math,409EB8D4474701CBB00EA9CC21A0448FB42D60C0165D9580BC156F9ECF26B81A,Bỏ qua — cần OCR
TTV5-VONG5-PHANDAPAN.pdf,DE THI TỪ VÒNG 1-9 violympic  TTV LỚP 5/LỚP 5/TTV5-VONG5-PHANDAPAN.pdf,.pdf,OCR/scan,5,math,518CF1A1C6C9B1D29F00730B7558756136A0F2852329620A0D34EC506D90E7B8,Bỏ qua — cần OCR
TTV5-VONG5-PHANDE.pdf,DE THI TỪ VÒNG 1-9 violympic  TTV LỚP 5/LỚP 5/TTV5-VONG5-PHANDE.pdf,.pdf,OCR/scan,5,math,645FA0CB78D4E61256F3DFF22D0683156BD8CF601E6E49CDF23DB92CB0C1F24A,Bỏ qua — cần OCR
TTV5-VONG6-PHANDAPAN.pdf,DE THI TỪ VÒNG 1-9 violympic  TTV LỚP 5/LỚP 5/TTV5-VONG6-PHANDAPAN.pdf,.pdf,OCR/scan,5,math,D46803348180A6F021378986DB09AEA12980676E1756B19446CA8306C1A9B177,Bỏ qua — cần OCR
TTV5-VONG6-PHANDE.pdf,DE THI TỪ VÒNG 1-9 violympic  TTV LỚP 5/LỚP 5/TTV5-VONG6-PHANDE.pdf,.pdf,OCR/scan,5,math,294D52B0A60C2F18F53C6858691F4CC8B89875F5A11A884CCE288696D00FFC38,Bỏ qua — cần OCR
TTV5-VONG7-PHANDAPAN.pdf,DE THI TỪ VÒNG 1-9 violympic  TTV LỚP 5/LỚP 5/TTV5-VONG7-PHANDAPAN.pdf,.pdf,OCR/scan,5,math,3D3E51489D2ADCDAC61FFA88029D3ED393D93DF19EDD223B50368422F30C5621,Bỏ qua — cần OCR
TTV5-VONG7-PHANDE.pdf,DE THI TỪ VÒNG 1-9 violympic  TTV LỚP 5/LỚP 5/TTV5-VONG7-PHANDE.pdf,.pdf,OCR/scan,5,math,1F4023B982CDA7B3B989E0C2C631595FCAC97AE5AD9244668A01DEE7AAFA940F,Bỏ qua — cần OCR
TTV5-VONG8--PHANDE.pdf,DE THI TỪ VÒNG 1-9 violympic  TTV LỚP 5/LỚP 5/TTV5-VONG8--PHANDE.pdf,.pdf,OCR/scan,5,math,B629F765CDE1182044F1387730C9DC71B7CBFEE56628D9C263ACCBBB7FBFD203,Bỏ qua — cần OCR
TTV5-VONG8-PHANDAPAN.pdf,DE THI TỪ VÒNG 1-9 violympic  TTV LỚP 5/LỚP 5/TTV5-VONG8-PHANDAPAN.pdf,.pdf,OCR/scan,5,math,2C33B4F6EE8D4ECE1F95582A0A4AEE07C352E8D1735E82D9EB0433A13C4C92E9,Bỏ qua — cần OCR
TTV5-VONG9-PHANDAPAN.pdf,DE THI TỪ VÒNG 1-9 violympic  TTV LỚP 5/LỚP 5/TTV5-VONG9-PHANDAPAN.pdf,.pdf,OCR/scan,5,math,C6FC9D6E1B4F2141BF5F40C39D3B4C06D8C136754DF848291939CD06A0DB71C4,Bỏ qua — cần OCR
TTV5-VONG9-PHANDE.pdf,DE THI TỪ VÒNG 1-9 violympic  TTV LỚP 5/LỚP 5/TTV5-VONG9-PHANDE.pdf,.pdf,OCR/scan,5,math,E28760BF8AEC1A51426FD2817F364123E4BA5D169FFB8D374588827AF54FD175,Bỏ qua — cần OCR
Ngày 1. TTV lớp 1 mã 3.pdf,de thi violympic 2526/K1/Ngày 1. TTV lớp 1 mã 3.pdf,.pdf,OCR/scan,1,math,18C554F72CAAE8F8169B8771B4B897052C2045E1321D43E548243D68C94F44C8,Bỏ qua — cần OCR
Ngày 1. TTV lớp 1 mã 4.pdf,de thi violympic 2526/K1/Ngày 1. TTV lớp 1 mã 4.pdf,.pdf,OCR/scan,1,math,BF1BBFAEAA29BBF0FC37E23D3F1C999AAC4FBCCD39829925660A5242620F8B0F,Bỏ qua — cần OCR
Ngày 1. TTA lớp 1 mã 1.pdf,de thi violympic 2526/K1/tta/Ngày 1. TTA lớp 1 mã 1.pdf,.pdf,OCR/scan,1,math,2C0B5067FF22CB8812A286BF67DD499E12F6291C476471B5FA9B26369964506F,Bỏ qua — cần OCR
Ctr. TTV lớp 1 mã 1.pdf,de thi violympic 2526/K1/ttv/Ctr. TTV lớp 1 mã 1.pdf,.pdf,OCR/scan,1,math,4B699D5ABBB23C82EE46B6F6F591FEFF275E89F5447AD7EBD877E155B934E888,Bỏ qua — cần OCR
Ngày 1.TTV lớp 3 mã 1.pdf,de thi violympic 2526/K3/ttv/Ngày 1.TTV lớp 3 mã 1.pdf,.pdf,OCR/scan,3,math,C4FF3848887D505BFAE4FC90901B7DC787F40AEB7CDD7F1FFA7B7454E18F5145,Bỏ qua — cần OCR
Violympic_TV3_thi cấp Trường_mã 01_25-26.pdf,de thi violympic 2526/K3/tv/Violympic_TV3_thi cấp Trường_mã 01_25-26.pdf,.pdf,non-OCR,3,vietnamese,06B6395D00C475E1C4D3B335DDDC728217CED89771E6D90541783B500EF2699E,Bỏ qua — bản sao trùng hash
Ngày 1.TTV5 đề 1.pdf,de thi violympic 2526/K5/ttv/Ngày 1.TTV5 đề 1.pdf,.pdf,OCR/scan,5,math,5D2D4F7602DCAA712ACFF6C96B73191958487462B9CA4163B0C8A58A1FD4D9CB,Bỏ qua — cần OCR
Ngày 1.TTV5 đề 2.pdf,de thi violympic 2526/K5/ttv/Ngày 1.TTV5 đề 2.pdf,.pdf,OCR/scan,5,math,B4A040C72DE6720BFB7C4D4FEE315F3CB6C5276A5CE91A4A7F2EF4B5659525CF,Bỏ qua — cần OCR
Tiệm sách nhà Noel - Tết.pdf,de thi violympic 2526/Tiệm sách nhà Noel - Tết.pdf,.pdf,non-OCR,2,math,F5BF9ECE059BBD7A7597E7C7BA53FCB0985B4EB787394DA917E6BC868CCD9085,Đã lập danh mục — chưa có câu đủ điều kiện phát hành
Lớp 1 sách ôn toán Violympic.pdf,Hướng dẫn giải Toán Violympic/Lớp 1 sách ôn toán Violympic.pdf,.pdf,OCR/scan,1,math,720B37419C83CF9BA7624B680C0449162D6099E96595A2B44B717AA9FFAE5661,Bỏ qua — cần OCR
Lớp 2 sách Toán Violympic.pdf,Hướng dẫn giải Toán Violympic/Lớp 2 sách Toán Violympic.pdf,.pdf,OCR/scan,2,math,CBD48C37AC9D24912E38A005A0B0A93D91FED29CE09F43D2281724A2C07A55D5,Bỏ qua — cần OCR
Lớp 3 sách Toán Violympic.pdf,Hướng dẫn giải Toán Violympic/Lớp 3 sách Toán Violympic.pdf,.pdf,OCR/scan,3,math,E386F6DB5499F3D72FB170CD7AEC799C6F1E9D53F55F2DA8D30D4BD52D33B6D2,Bỏ qua — cần OCR
Lớp 5 sách toán Violympic.pdf,Hướng dẫn giải Toán Violympic/Lớp 5 sách toán Violympic.pdf,.pdf,OCR/scan,5,math,E3787BEE0EF7C192E34D9130BFF2E459F979DB19720503C6B1E09B9FAC9B924A,Bỏ qua — cần OCR
L1 gốc Violympic.pdf,L1 gốc Violympic.pdf,.pdf,OCR/scan,1,math,7F0CCCF1AB476CF78C6805FDEAA7CF96B4FCE1EDD98E8D0D414EE7DDB8504895,Bỏ qua — cần OCR
L2 gốc Violympic.pdf,L2 gốc Violympic.pdf,.pdf,OCR/scan,2,math,8A6AAA40C96141DFC622297E7F16BC2C1DC11D91282E1AB5B4CDE17528C58AA4,Bỏ qua — cần OCR
L3 gốc Violympic.pdf,L3 gốc Violympic.pdf,.pdf,OCR/scan,3,math,9079CADAE20C12EA27F34DF84ADE5C22C787A541424F892C4245A2D673C8B968,Bỏ qua — cần OCR
L4 gốc Violympic.pdf,L4 gốc Violympic.pdf,.pdf,OCR/scan,4,math,459801A2289D18E033BD812B5E0D2398AB90648A6B9C2512DDEED8C40F4AAB29,Bỏ qua — cần OCR
L5 gốc Violympic.pdf,L5 gốc Violympic.pdf,.pdf,OCR/scan,5,math,181AF8A87251CB43C9600E6078F15E155A29B18A22683BD2FDBA847EC4AE2579,Bỏ qua — cần OCR
Violympic TTV1-CAPTINH2526-PHAN DAP AN.pdf,Lớp 1/Violympic TTV1-CAPTINH2526-PHAN DAP AN.pdf,.pdf,OCR/scan,1,math,778E2A06193D98820622CB6FDA2C85F0B69F2275FBD1F867545E3F3C5D24696E,Bỏ qua — cần OCR
TTV2-CAPTINH-PHANDAPAN 2526.pdf,Lớp 2/TTV2-CAPTINH-PHANDAPAN 2526.pdf,.pdf,OCR/scan,2,math,437A2100E6D37BB11E857426F7191BC0AF9E60F35ADF73E7578D9A58BABE5A5E,Bỏ qua — cần OCR
TTV2-CAPTINH-PHANDE 2526.pdf,Lớp 2/TTV2-CAPTINH-PHANDE 2526.pdf,.pdf,OCR/scan,2,math,289CDB9D4C0B987B990B27B2E13DFBC2754E83D77C032D149645428FD56A4841,Bỏ qua — cần OCR
TTV2-V7-OCT-PHANDAPAN.pdf,Lớp 2/TTV2-V7-OCT-PHANDAPAN.pdf,.pdf,OCR/scan,2,math,47EAAD3E54F8E143B9B299C341FCBE3CA5FABCDC9B5BA944590503FF2BAF31A1,Bỏ qua — cần OCR
Lớp 2_Mã 1_Cấp tỉnh-TTV violympic.pdf,Lớp 2/ĐỀ THI THẬT TỈNH NĂM 2025 VIOLYMPIC lớp 2/Lớp 2_Mã 1_Cấp tỉnh-TTV violympic.pdf,.pdf,non-OCR,2,math,85986FE9D8ED2C9FAA0CD92975C3C9338EE62614E564C944FC90FF0CE9165A32,Bỏ qua — bản sao trùng hash
Lớp 2_mã 2_cấp tỉnh.pdf,Lớp 2/ĐỀ THI THẬT TỈNH NĂM 2025 VIOLYMPIC lớp 2/Lớp 2_mã 2_cấp tỉnh.pdf,.pdf,non-OCR,2,math,BC83757B5CBF4AA656263FDF067F1B81D23C99FBF953638C39120CEBC5DE235B,Bỏ qua — bản sao trùng hash
Lớp 2_Mã 3_tỉnh.pdf,Lớp 2/ĐỀ THI THẬT TỈNH NĂM 2025 VIOLYMPIC lớp 2/Lớp 2_Mã 3_tỉnh.pdf,.pdf,non-OCR,2,math,ACAF03783FA798C1685934DD88699B3B1F277AEB71B87199BCBACFA550498FEC,Bỏ qua — bản sao trùng hash
TTA2 cấp tỉnh (Mã 01)_2024-2025.pdf,Lớp 2/ĐỀ THI THẬT TỈNH NĂM 2025 VIOLYMPIC lớp 2/TTA2 cấp tỉnh (Mã 01)_2024-2025.pdf,.pdf,non-OCR,2,math_en,73FDE2B57EEB376326134E6F7ABC1E252D29492272A30CC1835BD3401C35BE57,Bỏ qua — bản sao trùng hash
TV2 cấp tỉnh (Mã 01)_2024-2025.pdf,Lớp 2/ĐỀ THI THẬT TỈNH NĂM 2025 VIOLYMPIC lớp 2/TV2 cấp tỉnh (Mã 01)_2024-2025.pdf,.pdf,non-OCR,2,vietnamese,ADEB4BA39F5352FF8FC7633B948A42674FBD0DE6194F9FE5F93C5A0A2F048A6E,Bỏ qua — bản sao trùng hash
ONCT-TTV3-PHANDAPAN.pdf,Lớp 3/ONCT-TTV3-PHANDAPAN.pdf,.pdf,OCR/scan,3,math,03F4710DAD638986B2D1D4DF9D59EEB57DD0502E37BEF519C3C955E290D613A8,Bỏ qua — cần OCR
Violympic Math grade 4.pdf,Lớp 4/Violympic Math grade 4.pdf,.pdf,non-OCR,4,math_en,9D016FDD46BEACDF690F9DB0919B7047C50B031C133CED20F9E06866A55CCF9D,Đã nhập nguồn — 2 câu kiểm chứng
Violympic TTV5-CAPTINH2526-PHAN DAP AN.pdf,Lớp 5/Violympic TTV5-CAPTINH2526-PHAN DAP AN.pdf,.pdf,OCR/scan,5,math,08C5074CF4453C39FEC13C9F00FF00705606F1DE4A2E0EC8D9ED3E87F9433014,Bỏ qua — cần OCR
Đề thi toán TA các vòng.pdf,sách VIOLYMPIC Toán tiếng anh/Lớp 1/Đề thi toán TA các vòng.pdf,.pdf,non-OCR,1,math_en,00C37926603CFC3129D33ABEF4CDE690589ACE2065E8034E6096BDEA29610F1E,Đã lập danh mục — chưa có câu đủ điều kiện phát hành
de-luyen-thi-violympic-toan-tieng-anh-lop-2.pdf,sách VIOLYMPIC Toán tiếng anh/Lớp 2/de-luyen-thi-violympic-toan-tieng-anh-lop-2.pdf,.pdf,non-OCR,2,math_en,3155B600E68C7EBF5F051E5EBDC8D805A3EBDF22263440082F9C4A0B24EDD542,Đã lập danh mục — chưa có câu đủ điều kiện phát hành
.DS_Store,sách VIOLYMPIC Toán tiếng anh/Lớp 3/.DS_Store,(none),non-OCR,3,math_en,CF72DC0F4296E3919C4EB9E6C0090B9500DCC2D822B97000702403F046421488,Bỏ qua — tệp chứa/không phải tài liệu text
000d07b6-8992-4e53-8055-dc990daad53c-tonghopdethiviolympictoantienganhlop3tatcacacvong1.pdf,sách VIOLYMPIC Toán tiếng anh/Lớp 3/000d07b6-8992-4e53-8055-dc990daad53c-tonghopdethiviolympictoantienganhlop3tatcacacvong1.pdf,.pdf,non-OCR,3,math_en,21BAF3467FA2850FCA69DA5A5A2C4C0433EE78D89958C41C04210848A7C3303C,Đã lập danh mục — chưa có câu đủ điều kiện phát hành
0c982060-393d-454b-8f8e-c32b559d0a42-tonghopdethiviolympictoantienganhlop3tatcacacvongcodapan2.pdf,sách VIOLYMPIC Toán tiếng anh/Lớp 3/0c982060-393d-454b-8f8e-c32b559d0a42-tonghopdethiviolympictoantienganhlop3tatcacacvongcodapan2.pdf,.pdf,non-OCR,3,math_en,5A8519C55597BE1A3E5FC6E87E4947ECE94B54CBB9D9611EBFFD7B1A6805BB76,Đã lập danh mục — chưa có câu đủ điều kiện phát hành
c0e34d7f-7137-4802-807e-237b85cc4017-tonghopdethiviolympictoantienganhlop3tatcacacvongcodapan3.pdf,sách VIOLYMPIC Toán tiếng anh/Lớp 3/c0e34d7f-7137-4802-807e-237b85cc4017-tonghopdethiviolympictoantienganhlop3tatcacacvongcodapan3.pdf,.pdf,non-OCR,3,math_en,77A55F15293287FC4174E432EDB39E585F810CA4BFC6BC943001CBD6E283D910,Đã nhập nguồn — 1 câu kiểm chứng
tong-hop-de-thi-violympic-toan-tieng-anh-lop-4-tat-ca-cac-vong-co-dap-an-1.pdf,sách VIOLYMPIC Toán tiếng anh/Lớp 4/tong-hop-de-thi-violympic-toan-tieng-anh-lop-4-tat-ca-cac-vong-co-dap-an-1.pdf,.pdf,non-OCR,4,math_en,3389B6E9D493E0AB5FD6AC14684584F35EE2327BBEC388504137A930E46ED8C4,Đã lập danh mục — chưa có câu đủ điều kiện phát hành
tong-hop-de-thi-violympic-toan-tieng-anh-lop-4-tat-ca-cac-vong-co-dap-an-3.pdf,sách VIOLYMPIC Toán tiếng anh/Lớp 4/tong-hop-de-thi-violympic-toan-tieng-anh-lop-4-tat-ca-cac-vong-co-dap-an-3.pdf,.pdf,non-OCR,4,math_en,55148AF8155D07F9D8DC8569FC314AE3AAC9087577A55270A30B2AD3BF975F37,Đã nhập nguồn — 1 câu kiểm chứng
tiệm sách nhà noel - tết.pdf,tiệm sách nhà noel - tết.pdf,.pdf,non-OCR,,math,,Không còn trong thư mục nguồn tại thời điểm nhập
TTA3-ONTRUONG-PHANDAPAN.pdf,TTA IQ 24-25 violympic lớp 12345 - các vòng năm 24-25/TTA 12345 IQ 24-25 violympic/TTA3-ONTRUONG-PHANDAPAN.pdf,.pdf,OCR/scan,3,math_en,7D656B97662B9EF4838F2702D0C7828831D48E9654052F515EAEAF0A30617D6E,Bỏ qua — cần OCR
IQ violympic TOAN TV 1-2025-OCH-PHAN Dap an.pdf,TTV cấp huyện 24-25 lớp 12345/IQ violympic TOAN TV 1-2025-OCH-PHAN Dap an.pdf,.pdf,OCR/scan,1,vietnamese,879D446E327F632D12238BF1717F4807E8E05677717048A2C39421A32EB70824,Bỏ qua — cần OCR
OnCapHuyen-ttv4-phandapan.pdf,TTV cấp huyện 24-25 lớp 12345/OnCapHuyen-ttv4-phandapan.pdf,.pdf,OCR/scan,4,math,9257D71B9C5B53AAD483497307158DD92CF32F1CAAAFE71DAB94D5A33D31B522,Bỏ qua — cần OCR
TTV2-OCH-PHANDAPAN.pdf,TTV cấp huyện 24-25 lớp 12345/TTV2-OCH-PHANDAPAN.pdf,.pdf,OCR/scan,2,math,F15BDA20E438406931A3A4D5DDAA7B7DB53F880D54BE1418708ED2E8185EA427,Bỏ qua — cần OCR
TTV2-OCH-PHANDE.PDF,TTV cấp huyện 24-25 lớp 12345/TTV2-OCH-PHANDE.PDF,.pdf,OCR/scan,2,math,E669EEA934D52F9C96F9DB07BA7BB72AEBBA5BDB8591B56E79550A88212CC9D6,Bỏ qua — cần OCR
TTV3-OCH- PHANDAPAN.pdf,TTV cấp huyện 24-25 lớp 12345/TTV3-OCH- PHANDAPAN.pdf,.pdf,OCR/scan,3,math,BA934F61F4D191A71FBA77F1487DBD67B7CBAFB9A6FB8E9705F0800FA512E3E6,Bỏ qua — cần OCR
TTV3-OCH-PHANDE.pdf,TTV cấp huyện 24-25 lớp 12345/TTV3-OCH-PHANDE.pdf,.pdf,OCR/scan,3,math,256A56BC6043D18FADFDFE01C8D68C134E2752BEF603B860A650B67AB6F6A39E,Bỏ qua — cần OCR
TTV5-OCH-DAPAN.pdf,TTV cấp huyện 24-25 lớp 12345/TTV5-OCH-DAPAN.pdf,.pdf,OCR/scan,5,math,02BF7B6F7343B72372C853DAD45932C254BD6C8865EA47CB6EBC9F2C649170C2,Bỏ qua — cần OCR
TTV tỉnh violympic lớp 1 năm 24-25  ĐÁ.pdf,TTV violympic tỉnh lớp 12345 năm 24-25/TTV tỉnh violympic lớp 1 năm 24-25  ĐÁ.pdf,.pdf,OCR/scan,1,math,089EF7A7DB2FC16CCE9A03503FBB4019C015C6CD5894910E143C004B0CCF55E9,Bỏ qua — cần OCR
TTV tỉnh violympic lớp 1 năm 24-25 ĐỀ.pdf,TTV violympic tỉnh lớp 12345 năm 24-25/TTV tỉnh violympic lớp 1 năm 24-25 ĐỀ.pdf,.pdf,OCR/scan,1,math,A4CA4DEADA56E8722DE713723E253D2217C2E1B3DED32A10F242355A17C9398A,Bỏ qua — cần OCR
TTV tỉnh violympic lớp 2 năm 24-25 ĐÁ.pdf,TTV violympic tỉnh lớp 12345 năm 24-25/TTV tỉnh violympic lớp 2 năm 24-25 ĐÁ.pdf,.pdf,OCR/scan,2,math,66D3D1BBEC6A0C16010CAE4DDE33A70064E47082DF41A75FFFDFACAAB5D3D45A,Bỏ qua — cần OCR
TTV tỉnh violympic lớp 2 năm 24-25 ĐỀ.pdf,TTV violympic tỉnh lớp 12345 năm 24-25/TTV tỉnh violympic lớp 2 năm 24-25 ĐỀ.pdf,.pdf,OCR/scan,2,math,6092820DF14550A4BD691C1DC1FDBAA8FAEDEE7C03D30DAA3E96D117BCCCC04E,Bỏ qua — cần OCR
TTV tỉnh violympic lớp 4 năm 24-25 ĐỀ.pdf,TTV violympic tỉnh lớp 12345 năm 24-25/TTV tỉnh violympic lớp 4 năm 24-25 ĐỀ.pdf,.pdf,OCR/scan,4,math,D1C51C1310679DF7976B3320C924167B38F115DE218EC6465527B1BAEA373345,Bỏ qua — cần OCR
TTV violympic 3 tỉnh 24-25 ĐÁ.pdf,TTV violympic tỉnh lớp 12345 năm 24-25/TTV violympic 3 tỉnh 24-25 ĐÁ.pdf,.pdf,non-OCR,3,math,B26F53B8E33291F7A2ADFE0526CF43B229DE93F00267613AC1D9B582FEBE26B9,Đã lập danh mục — chưa có câu đủ điều kiện phát hành
TTV violympic 3 tỉnh 24-25 ĐỀ.pdf,TTV violympic tỉnh lớp 12345 năm 24-25/TTV violympic 3 tỉnh 24-25 ĐỀ.pdf,.pdf,non-OCR,3,math,AD1E1D444B6ABB198E48144B854F0C4DE1039C7FAC2BBEB90F58A311167DD957,Đã lập danh mục — chưa có câu đủ điều kiện phát hành
TTV3V9-ONTINH-PHANDE IQ.pdf,TTV violympic tỉnh lớp 12345 năm 24-25/TTV3V9-ONTINH-PHANDE IQ.pdf,.pdf,OCR/scan,3,math,42F616DD7469D6238091E66F693793DDBC88AEA42F1E2D6DDEB4BFC7BFFEDD72,Bỏ qua — cần OCR
TTV4-OnCapTinh-phandapan.pdf,TTV violympic tỉnh lớp 12345 năm 24-25/TTV4-OnCapTinh-phandapan.pdf,.pdf,OCR/scan,4,math,2F5A0875EC075CA8FE69B5B83A87D8DF70CD714002D03121FA38D5589989BDB8,Bỏ qua — cần OCR
3.2 TT Anh lớp 1 mã 2 (1).pdf,Tổng hợp đề thi Violympic cấp tỉnh 2526/3.2 TT Anh lớp 1 mã 2 (1).pdf,.pdf,non-OCR,1,math_en,A4F3A091EF7520E1D809754C65156372252FE19AAD248281C1536AB41CED32F0,Đã lập danh mục — chưa có câu đủ điều kiện phát hành
3.2 TT Anh lớp 3 mã 1_watermark.pdf,Tổng hợp đề thi Violympic cấp tỉnh 2526/3.2 TT Anh lớp 3 mã 1_watermark.pdf,.pdf,OCR/scan,3,math_en,97E785842378A0751553E06F70070849D95D3E7C98B3F7A9D8736AA0CBD5788A,Bỏ qua — cần OCR
3.2 TT Anh lớp 3 mã 2 (1)_watermark.pdf,Tổng hợp đề thi Violympic cấp tỉnh 2526/3.2 TT Anh lớp 3 mã 2 (1)_watermark.pdf,.pdf,non-OCR,3,math_en,3B2EFA03AE87CFEC677D8889A3F56FBF127DE34703DD19ED675CDA919A05B8DF,Đã lập danh mục — chưa có câu đủ điều kiện phát hành
3.2 TT Anh lớp 5 mã 2 (1) (1).pdf,Tổng hợp đề thi Violympic cấp tỉnh 2526/3.2 TT Anh lớp 5 mã 2 (1) (1).pdf,.pdf,non-OCR,5,math_en,FE946FFBC3548CF306911B2EF4225B6FCEF448448EEABEEBFAB4E1BFDC38E3E7,Bỏ qua — bản sao trùng hash
3.2 TT Anh lớp 5 mã 2 (1).pdf,Tổng hợp đề thi Violympic cấp tỉnh 2526/3.2 TT Anh lớp 5 mã 2 (1).pdf,.pdf,non-OCR,5,math_en,FE946FFBC3548CF306911B2EF4225B6FCEF448448EEABEEBFAB4E1BFDC38E3E7,Đã lập danh mục — chưa có câu đủ điều kiện phát hành
3.2 TTV lớp 1 mã 1_watermark (2).pdf,Tổng hợp đề thi Violympic cấp tỉnh 2526/3.2 TTV lớp 1 mã 1_watermark (2).pdf,.pdf,non-OCR,1,math,5E07840148F08F74507D3AB761447AE1F4D0AA55D1DF7975BE9DE82DF05EBBE1,Đã lập danh mục — chưa có câu đủ điều kiện phát hành
3.2 TTV lớp 1 mã 2_watermark (1).pdf,Tổng hợp đề thi Violympic cấp tỉnh 2526/3.2 TTV lớp 1 mã 2_watermark (1).pdf,.pdf,non-OCR,1,math,1F8A01E3AA709BCD42987FC3730A77AAE800C254297A47B4E1F517F6345F54E6,Đã lập danh mục — chưa có câu đủ điều kiện phát hành
3.2 TTV lớp 1 mã 3_watermark (1).pdf,Tổng hợp đề thi Violympic cấp tỉnh 2526/3.2 TTV lớp 1 mã 3_watermark (1).pdf,.pdf,non-OCR,1,math,AA591D6220AC3202943111AC67F5A29BC6CAA08A3DB8A54881F1B4830FBE5D55,Đã lập danh mục — chưa có câu đủ điều kiện phát hành
3.2 TTV lớp 3 mã 1_watermark (1).pdf,Tổng hợp đề thi Violympic cấp tỉnh 2526/3.2 TTV lớp 3 mã 1_watermark (1).pdf,.pdf,non-OCR,3,math,73FD43B47DCE4EC8CFEAB5715835674E3D191A5187AAAE4B170B05E3C698A013,Đã lập danh mục — chưa có câu đủ điều kiện phát hành
3.2 TTV lớp 3 mã 2_watermark (1).pdf,Tổng hợp đề thi Violympic cấp tỉnh 2526/3.2 TTV lớp 3 mã 2_watermark (1).pdf,.pdf,non-OCR,3,math,86F674ECCB8C11028BB38C7C0264911188C2F7B0C84205EF28918A2859DEF6D4,Đã lập danh mục — chưa có câu đủ điều kiện phát hành
3.2 TTV lớp 4 mã 1_watermark (1).pdf,Tổng hợp đề thi Violympic cấp tỉnh 2526/3.2 TTV lớp 4 mã 1_watermark (1).pdf,.pdf,non-OCR,4,math,42E3EBAA9EA5AB3D8C4777C729623A83193984641C1572A833D44B575CA4A828,Đã lập danh mục — chưa có câu đủ điều kiện phát hành
3.2 TTV lớp 4 mã 2_watermark (1).pdf,Tổng hợp đề thi Violympic cấp tỉnh 2526/3.2 TTV lớp 4 mã 2_watermark (1).pdf,.pdf,non-OCR,4,math,3E54CD995A5983F6FFE03398BAFB64A79092374E83AF70D9B884C82D5D2C9B2F,Đã lập danh mục — chưa có câu đủ điều kiện phát hành
3.2 TTV lớp 4 mã 2_watermark (2).pdf,Tổng hợp đề thi Violympic cấp tỉnh 2526/3.2 TTV lớp 4 mã 2_watermark (2).pdf,.pdf,non-OCR,4,math,1F2004C3855299B016440D5D02107E54C139E409914DEFBAB7B69A5440948B53,Đã lập danh mục — chưa có câu đủ điều kiện phát hành
4.2.26 TTV1 mã 1 (1).pdf,Tổng hợp đề thi Violympic cấp tỉnh 2526/4.2.26 TTV1 mã 1 (1).pdf,.pdf,non-OCR,1,math,549804BAC0B847BD2B8805BE93BDF35F1E92378CB879BB1452868480C97243FB,Đã lập danh mục — chưa có câu đủ điều kiện phát hành
4.2.26 TTV3 mã 1 (1).pdf,Tổng hợp đề thi Violympic cấp tỉnh 2526/4.2.26 TTV3 mã 1 (1).pdf,.pdf,non-OCR,3,math,DCC7A8DF129271FB481CDECBD6A466B814061BE08934092D966CE0F22CD82803,Đã lập danh mục — chưa có câu đủ điều kiện phát hành
4.2.26 ttv4 (1)_watermark.pdf,Tổng hợp đề thi Violympic cấp tỉnh 2526/4.2.26 ttv4 (1)_watermark.pdf,.pdf,non-OCR,4,math,B87F0187A805531102BAFAA92DCB4D80F095EF9106D326B8845D2CFB35CEBEE6,Đã lập danh mục — chưa có câu đủ điều kiện phát hành
THẬT3.2 TTV lớp 5 mã 1_watermark (1) (1).pdf,Tổng hợp đề thi Violympic cấp tỉnh 2526/THẬT3.2 TTV lớp 5 mã 1_watermark (1) (1).pdf,.pdf,non-OCR,5,math,03A94202A6373C3BB7AA87478A0897E87DF61781081EA1FFE996D3560072F2C7,Đã lập danh mục — chưa có câu đủ điều kiện phát hành
ttv1-4.2.26.pdf,Tổng hợp đề thi Violympic cấp tỉnh 2526/ttv1-4.2.26.pdf,.pdf,non-OCR,1,math,CDC69818FD229D26BFB162C6EE8A60301766140CD0FD82FE1FFDB5C34FA63246,Đã lập danh mục — chưa có câu đủ điều kiện phát hành
ttv2 -4.2.26.pdf,Tổng hợp đề thi Violympic cấp tỉnh 2526/ttv2 -4.2.26.pdf,.pdf,non-OCR,2,math,B495E376F35AEBF5FCE12ED081CA142C7AE32C8745D5C6E5C0666DB8C271B541,Đã lập danh mục — chưa có câu đủ điều kiện phát hành
ttv2-5.2.26_watermark.pdf,Tổng hợp đề thi Violympic cấp tỉnh 2526/ttv2-5.2.26_watermark.pdf,.pdf,OCR/scan,2,math,35F09FCF1BAFCD9EC5167A4A8FB0CBE99D376BFF8E4B91779506D8858F4C7298,Bỏ qua — cần OCR
ttv3.1-4.2.26.pdf,Tổng hợp đề thi Violympic cấp tỉnh 2526/ttv3.1-4.2.26.pdf,.pdf,non-OCR,3,math,478A007F412BF6BBB12DCA7507F25E76A5E38AA33150AE2B3C316D59657591AB,Đã lập danh mục — chưa có câu đủ điều kiện phát hành
tv 2.2_watermark (1).pdf,Tổng hợp đề thi Violympic cấp tỉnh 2526/tv 2.2_watermark (1).pdf,.pdf,non-OCR,2,vietnamese,7276028EC3D3DAAA247B71A38E73E4AEDF68DF5B0ECDDE9125D03B3AA7BC50E8,Đã lập danh mục — chưa có câu đủ điều kiện phát hành
tv 4.2_watermark (1).pdf,Tổng hợp đề thi Violympic cấp tỉnh 2526/tv 4.2_watermark (1).pdf,.pdf,non-OCR,4,vietnamese,944D0BB4767986FE864B1B58B33E3146A49E750FADC8E84385B82BCE60095E1C,Đã lập danh mục — chưa có câu đủ điều kiện phát hành
tv 5.2_watermark (1).pdf,Tổng hợp đề thi Violympic cấp tỉnh 2526/tv 5.2_watermark (1).pdf,.pdf,non-OCR,5,vietnamese,96172A78CCD9F22E7AE382447EE7AB207CF19D25F9AA9B5B9862670C7F85DC01,Đã lập danh mục — chưa có câu đủ điều kiện phát hành
tv2_watermark (1).pdf,Tổng hợp đề thi Violympic cấp tỉnh 2526/tv2_watermark (1).pdf,.pdf,OCR/scan,2,vietnamese,0E2A951B00E5A37EBB83C57D7C82AD1FA296AF461A0F85271FD8A10AA431ED0E,Bỏ qua — cần OCR
violympic TV3 2ma ngày 3.2.2026 (1).pdf,Tổng hợp đề thi Violympic cấp tỉnh 2526/violympic TV3 2ma ngày 3.2.2026 (1).pdf,.pdf,non-OCR,3,vietnamese,612512B50F327A2912AF67A639A1F0995EE9ED358D54C6ED81B36C253267AD55,Đã lập danh mục — chưa có câu đủ điều kiện phát hành
Violympic_TTA2_Vòng Cấp Tỉnh_mã 01_5.2.2026 (1)_watermark (1).pdf,Tổng hợp đề thi Violympic cấp tỉnh 2526/Violympic_TTA2_Vòng Cấp Tỉnh_mã 01_5.2.2026 (1)_watermark (1).pdf,.pdf,non-OCR,,math,8088584C2CC01120AFD614788CD0153EBE384006F7C2E4CFAF0A931326E1924A,Bỏ qua — ngoài lớp 1–5 hoặc lớp không xác định duy nhất
Violympic_TTV1_Vòng Cấp Tỉnh_mã 01_5.2.2026_watermark (1).pdf,Tổng hợp đề thi Violympic cấp tỉnh 2526/Violympic_TTV1_Vòng Cấp Tỉnh_mã 01_5.2.2026_watermark (1).pdf,.pdf,non-OCR,1,math,F7A0B0EE15EB1BC9FFF363B61F0F84B798A5AB42A62909439916C1DC666AF4DD,Đã lập danh mục — chưa có câu đủ điều kiện phát hành
Violympic_TTV2_Vòng Cấp Tỉnh_mã 01_5.2.2026.pdf,Tổng hợp đề thi Violympic cấp tỉnh 2526/Violympic_TTV2_Vòng Cấp Tỉnh_mã 01_5.2.2026.pdf,.pdf,OCR/scan,,math,DADC864D22B6C41D9C61A331E7CF03F2CC7CBB925F1E2E74B2CCBDCDE1B516CE,Bỏ qua — cần OCR
Violympic_TTV2_Vòng Cấp Tỉnh_mã 01_5.2.2026_watermark (1).pdf,Tổng hợp đề thi Violympic cấp tỉnh 2526/Violympic_TTV2_Vòng Cấp Tỉnh_mã 01_5.2.2026_watermark (1).pdf,.pdf,non-OCR,,math,260E25018CD09897232EB35B2C5A8B7695BF03E6DBE973E197239A3901F5E532,Bỏ qua — ngoài lớp 1–5 hoặc lớp không xác định duy nhất
Violympic_TTV3_Vòng Cấp Tỉnh_mã 01_5.2.2026_watermark (1).pdf,Tổng hợp đề thi Violympic cấp tỉnh 2526/Violympic_TTV3_Vòng Cấp Tỉnh_mã 01_5.2.2026_watermark (1).pdf,.pdf,non-OCR,,math,1EF7CFADCE35BD7EAB0E854477835BF67A94E8EEC6D938E80B1AB7BB60812F27,Bỏ qua — ngoài lớp 1–5 hoặc lớp không xác định duy nhất
Violympic_TTV4_Vòng Cấp Tỉnh_mã 01_5.2.2026_watermark (1).pdf,Tổng hợp đề thi Violympic cấp tỉnh 2526/Violympic_TTV4_Vòng Cấp Tỉnh_mã 01_5.2.2026_watermark (1).pdf,.pdf,non-OCR,,math,34529B50C06734143F4AAC76CEC79125EA58D88810E08F31621D2B1A4C11D2D1,Bỏ qua — ngoài lớp 1–5 hoặc lớp không xác định duy nhất
Violympic_TTV5_Vòng Cấp Tỉnh_mã 01_5.2.2026_watermark (1).pdf,Tổng hợp đề thi Violympic cấp tỉnh 2526/Violympic_TTV5_Vòng Cấp Tỉnh_mã 01_5.2.2026_watermark (1).pdf,.pdf,non-OCR,,math,AE7B8DB9623667F142D79B85E57A0644BDC66F23C5ACFAE89E30DB2A286D93EE,Bỏ qua — ngoài lớp 1–5 hoặc lớp không xác định duy nhất
Violympic_TV5_Vòng Cấp Tỉnh_mã 01_3.2.2026 (1) (1).pdf,Tổng hợp đề thi Violympic cấp tỉnh 2526/Violympic_TV5_Vòng Cấp Tỉnh_mã 01_3.2.2026 (1) (1).pdf,.pdf,non-OCR,,vietnamese,20FC1FB29EB0FC935E9E7941E0EF0F0388BE0BE4863954DFE7EE8284D814F70A,Bỏ qua — ngoài lớp 1–5 hoặc lớp không xác định duy nhất
đề  thật tv L1 (1).pdf,Tổng hợp đề thi Violympic cấp tỉnh 2526/đề  thật tv L1 (1).pdf,.pdf,non-OCR,1,math,25E5D8A5786CB62485B60CEB64FEBC227B582362777029EC9CD45B504C0F893A,Đã lập danh mục — chưa có câu đủ điều kiện phát hành
đề thật tv L1.2 (1).pdf,Tổng hợp đề thi Violympic cấp tỉnh 2526/đề thật tv L1.2 (1).pdf,.pdf,non-OCR,1,math,8E994D61F12E087A5111E7ACF6E4EBD8EC8A03554ABCB1C2029377B25C38B9B2,Đã lập danh mục — chưa có câu đủ điều kiện phát hành
đề thật tv L3 (1).pdf,Tổng hợp đề thi Violympic cấp tỉnh 2526/đề thật tv L3 (1).pdf,.pdf,non-OCR,3,math,75473FC5D249867E155F5428218DA238161EA3B7A1A68E2632A04BD055C9486F,Đã lập danh mục — chưa có câu đủ điều kiện phát hành
đề thật tv L3.2 (1).pdf,Tổng hợp đề thi Violympic cấp tỉnh 2526/đề thật tv L3.2 (1).pdf,.pdf,non-OCR,3,math,AADDDE506028116265C63037EA00AC6A7189EC3567A77D3CD9431BF248D7466C,Đã lập danh mục — chưa có câu đủ điều kiện phát hành
TTV1 FILE 10 (1).docx,VIOLYMPIC CẤP QUỐC GIA LỚP 12345/TTV1 FILE 10 (1).docx,.docx,non-OCR,1,math,4663B80CC643AEDB78CF43968A051FC287E17EBD5C6AD694BDC39B90AF35D3E1,Đã lập danh mục — chưa có câu đủ điều kiện phát hành
VIOLYMPIC TOÁN 6.docx,"Violympic Toán 6,7,8,9/VIOLYMPIC TOÁN 6.docx",.docx,non-OCR,6,math,A6C12FED784192011BDCD4904E29A50F39238B544F323EA1B23C7BE87381E05F,Bỏ qua — ngoài lớp 1–5 hoặc lớp không xác định duy nhất
Tiệm sách nhà Noel - Tết.pdf,Violympic Toán TV lớp 2/Tiệm sách nhà Noel - Tết.pdf,.pdf,non-OCR,2,math,F5BF9ECE059BBD7A7597E7C7BA53FCB0985B4EB787394DA917E6BC868CCD9085,Bỏ qua — bản sao trùng hash
violympic 2 cấp quận MK 123.rar,Violympic Toán TV lớp 2/Violympic Toán TV lớp 2/violympic 2 cấp quận MK 123.rar,.rar,non-OCR,2,math,BD5699DC1084220E056DD8D92C1F66241A4654EC18CAA1A9F3D77D6C15D37A67,Bỏ qua — tệp chứa/không phải tài liệu text
Violympic TTV2-CAPTINH 2526-PHAN DAP AN.pdf,Violympic Toán TV lớp 2/Violympic TTV2-CAPTINH 2526-PHAN DAP AN.pdf,.pdf,OCR/scan,2,math,B67A98B97FF87B08EB12AB96F931D0365E85AD420881EF01E3821BB01AAC5F30,Bỏ qua — cần OCR
Violympic TTV2-CAPTINH2526-PHAN DE.pdf,Violympic Toán TV lớp 2/Violympic TTV2-CAPTINH2526-PHAN DE.pdf,.pdf,OCR/scan,2,math,EF6789F8EF538597B5BE0871DF17BA721B0094F571B7FFCE102D219854E04CF6,Bỏ qua — cần OCR
ONQUOCGIA-TTA5-PHANDAPAN(1).pdf,VIOLYMPIC TTA 5/ONQUOCGIA-TTA5-PHANDAPAN(1).pdf,.pdf,OCR/scan,5,math_en,974F811D28DAB97AC425A3AD4BD8B07625C62ED699EAD39CDFF60C14E1F014B4,Bỏ qua — cần OCR
ONQUOCGIA-TTA5-PHANDAPAN.pdf,VIOLYMPIC TTA 5/ONQUOCGIA-TTA5-PHANDAPAN.pdf,.pdf,OCR/scan,5,math_en,974F811D28DAB97AC425A3AD4BD8B07625C62ED699EAD39CDFF60C14E1F014B4,Bỏ qua — cần OCR
Ngày 1. TTA lớp 3 mã 1.pdf,Violympic đề tổng hợp/Ngày 1. TTA lớp 3 mã 1.pdf,.pdf,OCR/scan,3,math,E45963FA05AEA3BDA0D8C310ED4776EAF5B23B4DF6CB7998A0F6E0B320785836,Bỏ qua — cần OCR
Ngày 1. TTA lớp 4 mã 1.pdf,Violympic đề tổng hợp/Ngày 1. TTA lớp 4 mã 1.pdf,.pdf,OCR/scan,4,math,0C4FA302A25D523E4B28BDF6DD3CA0B105EE6DCF9F4819AA852C6A40E32FD450,Bỏ qua — cần OCR
Violympic_TV3_thi cấp Trường_mã 01_25-26.pdf,Violympic đề tổng hợp/Violympic_TV3_thi cấp Trường_mã 01_25-26.pdf,.pdf,non-OCR,3,vietnamese,06B6395D00C475E1C4D3B335DDDC728217CED89771E6D90541783B500EF2699E,Đã lập danh mục — chưa có câu đủ điều kiện phát hành
DE THI TU VONG 1-9  violympic TTV LỚP 3.rar,violympic/DE THI TU VONG 1-9  violympic TTV LỚP 3.rar,.rar,non-OCR,3,math,49FF8A020BED7FAD15090AE439FFE9944120BB85F542CCDE04F60FD1B5FBD189,Bỏ qua — tệp chứa/không phải tài liệu text
Ttv2v10 -onquocgia-phandapan.pdf,violympic/Ttv2v10 -onquocgia-phandapan.pdf,.pdf,OCR/scan,2,math,FB6A371DB8C0F1A866BF7A062E58C02BBB923C4A538CF1E132843B04E720856F,Bỏ qua — cần OCR
ttv3-v10-onquocgia-phande.pdf,violympic/ttv3-v10-onquocgia-phande.pdf,.pdf,OCR/scan,3,math,9365FC3AE25C7D2195CCC6EAB6FF4E0F1A0645DE50C42E6A9892108386006423,Bỏ qua — cần OCR
TTV6-quocgia-phande.pdf,violympic/TTV6-quocgia-phande.pdf,.pdf,OCR/scan,6,math,9F747D3FEF9A857BC8ACD6DF8C651A5227F035975F5D728D8B7A27E32A2F2790,Bỏ qua — cần OCR
V10-TTV4-QG-PHANDAPAN (1).pdf,violympic/V10-TTV4-QG-PHANDAPAN (1).pdf,.pdf,OCR/scan,4,math,2B7F1A876C47700469226178931E788D501A598FCC186922E85E0A6028FB773D,Bỏ qua — cần OCR
ĐỀ L2 CHÍNH THỨC VIOLYMPIC QG TTV (22-3-2026).pdf,VIOLYPIC ĐỀ CHÍNH THỨC CẤP QUỐC GIA 2026/ĐỀ L2 CHÍNH THỨC VIOLYMPIC QG TTV (22-3-2026).pdf,.pdf,OCR/scan,2,math,50EF0E69BF37903DB708C91134A7FF7114E39650FEF4B4389F603007746A2108,Bỏ qua — cần OCR
ĐỀ L3 CHÍNH THỨC VIOLYMPIC QG TTV.pdf,VIOLYPIC ĐỀ CHÍNH THỨC CẤP QUỐC GIA 2026/ĐỀ L3 CHÍNH THỨC VIOLYMPIC QG TTV.pdf,.pdf,OCR/scan,3,math,A559684D4B8010DE25108B6D86C861B56BFBC85812EFECB494BD8D52C8C68250,Bỏ qua — cần OCR
IQ2324-CẤP TỐC- TTV4-VQG-ĐÁ_watermark.pdf,ôn IQ cũ-TTV QG 23456+TTA QG 45/IQ2324-CẤP TỐC- TTV4-VQG-ĐÁ_watermark.pdf,.pdf,OCR/scan,4,math,FFEE2FCD75C96F72D6AF509AF3E68C43399C9828FC663DDFAF1B6EC73892AA9A,Bỏ qua — cần OCR
IQ2324-CẤP TỐC-TTV5-VQG-ĐÁ_watermark.pdf,ôn IQ cũ-TTV QG 23456+TTA QG 45/IQ2324-CẤP TỐC-TTV5-VQG-ĐÁ_watermark.pdf,.pdf,OCR/scan,5,math,75572142A7DF61D7ABDBD4AB10FD35B192C9C854B751C8D545E24195234A87BF,Bỏ qua — cần OCR
IQ2324-TTA4-VQG-PHANDAPAN-MK 1234_watermark.pdf,ôn IQ cũ-TTV QG 23456+TTA QG 45/IQ2324-TTA4-VQG-PHANDAPAN-MK 1234_watermark.pdf,.pdf,OCR/scan,4,math_en,4EE9B10EAFAACA66A2D42B2D3397D6576E30CF40B27F6194CA42CEA18995728E,Bỏ qua — cần OCR
IQ2324-TTA4-VQG-PHANDE_watermark.pdf,ôn IQ cũ-TTV QG 23456+TTA QG 45/IQ2324-TTA4-VQG-PHANDE_watermark.pdf,.pdf,OCR/scan,4,math_en,A182C5EF270598D8B4813505224FCD12B85CB367EFBDEBCA003A9C673272BE8B,Bỏ qua — cần OCR
IQ2324-TTA5-VQG-PHANDAPAN-MK 1234 (1)_watermark.pdf,ôn IQ cũ-TTV QG 23456+TTA QG 45/IQ2324-TTA5-VQG-PHANDAPAN-MK 1234 (1)_watermark.pdf,.pdf,OCR/scan,5,math_en,30D23FA862BE2E6257CCDDB46D5FC54A0C980E85904430B37B91D3DFA8D1F447,Bỏ qua — cần OCR
IQ2324-TTA5-VQG-PHANDE_watermark.pdf,ôn IQ cũ-TTV QG 23456+TTA QG 45/IQ2324-TTA5-VQG-PHANDE_watermark.pdf,.pdf,OCR/scan,5,math_en,641460E92241E289A2EB0165C09329ECE7CCF28D33CED7D08B9B139F1B4C529F,Bỏ qua — cần OCR
IQ2324-TTV4-VQG-PHANDAPAN-MK 1234_watermark.pdf,ôn IQ cũ-TTV QG 23456+TTA QG 45/IQ2324-TTV4-VQG-PHANDAPAN-MK 1234_watermark.pdf,.pdf,OCR/scan,4,math,FCEAADC4934408141AFA1A0E18010884A5E2934278CBEE1C3E6FC7D157CE403A,Bỏ qua — cần OCR
IQ2324-TTV5-ÔN-VQG-PHANDAPAN-MK 1234_watermark.pdf,ôn IQ cũ-TTV QG 23456+TTA QG 45/IQ2324-TTV5-ÔN-VQG-PHANDAPAN-MK 1234_watermark.pdf,.pdf,OCR/scan,5,math,97BBCBAB51F7DEB888F0C381777EB6849FFA00C23BB3A65DAF7E1B7885B96E75,Bỏ qua — cần OCR
IQ2324-TTV5-ÔN-VQG-PHANDE-MK 1234_watermark.pdf,ôn IQ cũ-TTV QG 23456+TTA QG 45/IQ2324-TTV5-ÔN-VQG-PHANDE-MK 1234_watermark.pdf,.pdf,OCR/scan,5,math,C713CDD44682C39B8ED2FAD263201D40E49D8B88E34BF011A07A03EFD49B92DC,Bỏ qua — cần OCR
IQ2425-TTA4-ON-VQG-PHANDAPAN_watermark.pdf,ôn IQ cũ-TTV QG 23456+TTA QG 45/IQ2425-TTA4-ON-VQG-PHANDAPAN_watermark.pdf,.pdf,OCR/scan,4,math_en,8461AA451FCACBB4E727DAC54431C97D6D906BD96BFE55083B89D61DF4AA5271,Bỏ qua — cần OCR
IQ2425-ÔN TTV2-QG-PHANDAN.pdf,ôn IQ cũ-TTV QG 23456+TTA QG 45/IQ2425-ÔN TTV2-QG-PHANDAN.pdf,.pdf,OCR/scan,2,math,FD87FE794DE337C1B597CC06E5FE435856113FBB427F2EE506ACA12CCFD0D63B,Bỏ qua — cần OCR
IQ2425-ÔN TTV2-QG-PHANDE.pdf,ôn IQ cũ-TTV QG 23456+TTA QG 45/IQ2425-ÔN TTV2-QG-PHANDE.pdf,.pdf,OCR/scan,2,math,B9024761919C2CA2C5219DFC21153F008BBCFCB9396E0A0DD23824F9F75B3955,Bỏ qua — cần OCR
IQ2425-ÔN TTV4-QG-PHANDAPAN.pdf,ôn IQ cũ-TTV QG 23456+TTA QG 45/IQ2425-ÔN TTV4-QG-PHANDAPAN.pdf,.pdf,OCR/scan,4,math,A06106F1B995D5567B10C1F3CF83B8CCD6FBC21353DFC2329C6420AD764A233D,Bỏ qua — cần OCR
IQ2425-ÔN TTV4-QG-PHANDE.pdf,ôn IQ cũ-TTV QG 23456+TTA QG 45/IQ2425-ÔN TTV4-QG-PHANDE.pdf,.pdf,OCR/scan,4,math,A484ECCCC1860671B8FE987AEE2934038A2E8153FA88BD4AABA7D3EF5EC13576,Bỏ qua — cần OCR
TTV4-VONG5-PHANDE.pdf,ĐE THI TU VONG 1-9  violympic TTV LOP 4/LỚP 4/TTV4-VONG5-PHANDE.pdf,.pdf,OCR/scan,4,math,DC24751889B735D320E5DCCEA4D65256A2A9B246C93C94BE698DA799AB42B72D,Bỏ qua — cần OCR
Lớp 1_mã 1.pdf,ĐỀ THI THẬT TỈNH NĂM 2025 VIOLYMPIC lớp 1/Lớp 1_mã 1.pdf,.pdf,non-OCR,1,math,9D3D379627B4EEAB0D05F34F0DF251B19051A267A14A9DC40D5176CA41560D9E,Đã lập danh mục — chưa có câu đủ điều kiện phát hành
Lớp 1_mã 2.pdf,ĐỀ THI THẬT TỈNH NĂM 2025 VIOLYMPIC lớp 1/Lớp 1_mã 2.pdf,.pdf,non-OCR,1,math,396DD94BC418A71FBCE643EA012AB64D4E59D1A4D9E660D0C73564D1A107809E,Đã lập danh mục — chưa có câu đủ điều kiện phát hành
Lớp 1_mã 3.pdf,ĐỀ THI THẬT TỈNH NĂM 2025 VIOLYMPIC lớp 1/Lớp 1_mã 3.pdf,.pdf,non-OCR,1,math,1658ED37FBC0D3B3A26178F19A75F2DCEC5B4D9E0F2047547409B8BF07840FDF,Đã lập danh mục — chưa có câu đủ điều kiện phát hành
TTA 1.zip,ĐỀ THI THẬT TỈNH NĂM 2025 VIOLYMPIC lớp 1/TTA 1.zip,.zip,non-OCR,1,math_en,3FE3C8A614F8727F738593CA00B470D7F6B44B304801B7C5A56E33A1BF58B88E,Bỏ qua — tệp chứa/không phải tài liệu text
TTV1 -Mã 4 đê thi cấp tỉnh.pdf,ĐỀ THI THẬT TỈNH NĂM 2025 VIOLYMPIC lớp 1/TTV1 -Mã 4 đê thi cấp tỉnh.pdf,.pdf,OCR/scan,1,math,ACBB0CD3828B5B22FE8AD65A607D6C79E4982676557A78A69FBDD024FDA92EDD,Bỏ qua — cần OCR
Lớp 2_Mã 1_Cấp tỉnh-TTV violympic.pdf,ĐỀ THI THẬT TỈNH NĂM 2025 VIOLYMPIC lớp 2/Lớp 2_Mã 1_Cấp tỉnh-TTV violympic.pdf,.pdf,non-OCR,2,math,85986FE9D8ED2C9FAA0CD92975C3C9338EE62614E564C944FC90FF0CE9165A32,Đã lập danh mục — chưa có câu đủ điều kiện phát hành
Lớp 2_mã 2_cấp tỉnh.pdf,ĐỀ THI THẬT TỈNH NĂM 2025 VIOLYMPIC lớp 2/Lớp 2_mã 2_cấp tỉnh.pdf,.pdf,non-OCR,2,math,BC83757B5CBF4AA656263FDF067F1B81D23C99FBF953638C39120CEBC5DE235B,Đã lập danh mục — chưa có câu đủ điều kiện phát hành
Lớp 2_Mã 3_tỉnh.pdf,ĐỀ THI THẬT TỈNH NĂM 2025 VIOLYMPIC lớp 2/Lớp 2_Mã 3_tỉnh.pdf,.pdf,non-OCR,2,math,ACAF03783FA798C1685934DD88699B3B1F277AEB71B87199BCBACFA550498FEC,Đã lập danh mục — chưa có câu đủ điều kiện phát hành
TTA2 cấp tỉnh (Mã 01)_2024-2025.pdf,ĐỀ THI THẬT TỈNH NĂM 2025 VIOLYMPIC lớp 2/TTA2 cấp tỉnh (Mã 01)_2024-2025.pdf,.pdf,non-OCR,2,math_en,73FDE2B57EEB376326134E6F7ABC1E252D29492272A30CC1835BD3401C35BE57,Đã lập danh mục — chưa có câu đủ điều kiện phát hành
TV2 cấp tỉnh (Mã 01)_2024-2025.pdf,ĐỀ THI THẬT TỈNH NĂM 2025 VIOLYMPIC lớp 2/TV2 cấp tỉnh (Mã 01)_2024-2025.pdf,.pdf,non-OCR,2,vietnamese,ADEB4BA39F5352FF8FC7633B948A42674FBD0DE6194F9FE5F93C5A0A2F048A6E,Đã lập danh mục — chưa có câu đủ điều kiện phát hành
Lớp 3 cấp tỉnh.pdf,ĐỀ THI THẬT TỈNH NĂM 2025 VIOLYMPIC lớp 3/Lớp 3 cấp tỉnh.pdf,.pdf,non-OCR,3,math,F4DF8963FCB5225900B33F4B2CE7A31871C4EBBEF53D32C5254AC7367FE14DD5,Đã lập danh mục — chưa có câu đủ điều kiện phát hành
TTA3 cấp tỉnh (Mã 01)_2024-2025.pdf,ĐỀ THI THẬT TỈNH NĂM 2025 VIOLYMPIC lớp 3/TTA3 cấp tỉnh (Mã 01)_2024-2025.pdf,.pdf,non-OCR,3,math_en,D4ED0C8A21DE0096AC78C18077BD17B74F1E787D37D94183F3789CF46314AD7F,Đã lập danh mục — chưa có câu đủ điều kiện phát hành
TTV3 cấp tỉnh (Mã 02)_2024-2025.pdf,ĐỀ THI THẬT TỈNH NĂM 2025 VIOLYMPIC lớp 3/TTV3 cấp tỉnh (Mã 02)_2024-2025.pdf,.pdf,non-OCR,3,math,29DD5118ADC207E115E4E8F942D53C3EC2E67F27522735FADC2FF182088E4A7F,Đã lập danh mục — chưa có câu đủ điều kiện phát hành
TV3 cấp tỉnh (Mã 01)_2024-2025.pdf,ĐỀ THI THẬT TỈNH NĂM 2025 VIOLYMPIC lớp 3/TV3 cấp tỉnh (Mã 01)_2024-2025.pdf,.pdf,non-OCR,3,vietnamese,552D1D6083BA2A303EAF764642A6C093DD399C1173D0CCDB612882D3E99D6A05,Đã lập danh mục — chưa có câu đủ điều kiện phát hành
Lớp 4_mã 1.pdf,ĐỀ THI THẬT TỈNH NĂM 2025 VIOLYMPIC lớp 4/Lớp 4_mã 1.pdf,.pdf,non-OCR,4,math,1C412A54ED5BC0220A13914D83E52C1FDEE570C46350D7BEF37F484A6A5F26BB,Đã lập danh mục — chưa có câu đủ điều kiện phát hành
Lớp 4_mã 2.pdf,ĐỀ THI THẬT TỈNH NĂM 2025 VIOLYMPIC lớp 4/Lớp 4_mã 2.pdf,.pdf,non-OCR,4,math,1A8983166C1F831F614E62753A99FF3E92DA9BEBE5AEFA29B7E520AEF1A3B3A5,Đã lập danh mục — chưa có câu đủ điều kiện phát hành
Toán tiếng anh 4.pdf,ĐỀ THI THẬT TỈNH NĂM 2025 VIOLYMPIC lớp 4/Toán tiếng anh 4.pdf,.pdf,OCR/scan,4,math_en,F1C3E1E4E41829D683C3972D75772E88262B2146B922A1047CA856258F5DA862,Bỏ qua — cần OCR
TV4 cấp tỉnh (Mã 01)_2024-2025.pdf,ĐỀ THI THẬT TỈNH NĂM 2025 VIOLYMPIC lớp 4/TV4 cấp tỉnh (Mã 01)_2024-2025.pdf,.pdf,non-OCR,4,vietnamese,3AB6917704CE866C2D350C8D65589138495EFCB7F477E03DE4771BDC553D1C86,Đã lập danh mục — chưa có câu đủ điều kiện phát hành
Lớp 5. Violympic  18-2.pdf,ĐỀ THI THẬT TỈNH NĂM 2025 VIOLYMPIC lớp 5/Lớp 5. Violympic  18-2.pdf,.pdf,OCR/scan,5,math,660B883814425C86C0D640D9A0A37C6DBCE514A6C53FD6B36C673687046AEF24,Bỏ qua — cần OCR
TTA5 cấp tỉnh (Mã 01)_2024-2025.pdf,ĐỀ THI THẬT TỈNH NĂM 2025 VIOLYMPIC lớp 5/TTA5 cấp tỉnh (Mã 01)_2024-2025.pdf,.pdf,non-OCR,5,math_en,3C30D3F7BFC073C681662E95BF7578CBFA5400022E2098B6A44F1E57231F22CF,Đã lập danh mục — chưa có câu đủ điều kiện phát hành
TTV5 cấp tỉnh (Mã 02)_2024-2025.pdf,ĐỀ THI THẬT TỈNH NĂM 2025 VIOLYMPIC lớp 5/TTV5 cấp tỉnh (Mã 02)_2024-2025.pdf,.pdf,non-OCR,5,math,C26F7AF0F27E2B7CC7EEF4AA097364F9AFF1261F99AA11AA8950F3E13FF785E3,Đã lập danh mục — chưa có câu đủ điều kiện phát hành
TV5_ cấp tỉnh (Mã 01)_2024-2025 .pdf,ĐỀ THI THẬT TỈNH NĂM 2025 VIOLYMPIC lớp 5/TV5_ cấp tỉnh (Mã 01)_2024-2025 .pdf,.pdf,non-OCR,5,vietnamese,C335CAE76FEA15FB4A648377FEF62718FF8742443B9DA1B6B5EC9F6C20D2C57B,Đã lập danh mục — chưa có câu đủ điều kiện phát hành
