Khối Lớp,Học Kỳ,STT,Mã Bài,Tên Bài Học,Tác Giả,Trọng Tâm Bài Học / Nội Dung,Phân Loại Nguồn,Tập / Trang SGK Đối Chiếu,Link Đọc Trực Tuyến
Lớp 1,Học kỳ 1,1,tv-g1-b1,Bài 1: A a,NXB Giáo Dục VN,"Nhận biết âm A, đọc đúng câu 'Nam và Hà ca hát', chào hỏi lễ phép.",SGK CHUẨN GDPT 2018,"SGK Tiếng Việt 1 Tập một — Trang 14, 15 (Chủ điểm 1: Em là học sinh)",https://taphuan.nxbgd.vn/tap-huan/doc-sach/sgk-tieng-viet-1-tap-mot.4695822132
Lớp 1,Học kỳ 1,2,tv-g1-b2,Bài 2: B b,NXB Giáo Dục VN,"Nhận biết âm B, ghép tiếng ba, be, bê và đọc từ ngữ ứng dụng.",SGK CHUẨN GDPT 2018,"SGK Tiếng Việt 1 Tập một — Trang 16, 17",https://taphuan.nxbgd.vn/tap-huan/doc-sach/sgk-tieng-viet-1-tap-mot.4695822132
Lớp 1,Học kỳ 1,3,tv-g1-b3,Bài 3: C c - D d - Đ đ,NXB Giáo Dục VN,"Phân biệt âm C, D, Đ, ghép tiếng và đọc câu ứng dụng chuẩn SGK.",SGK CHUẨN GDPT 2018,"SGK Tiếng Việt 1 Tập một — Trang 18, 19",https://taphuan.nxbgd.vn/tap-huan/doc-sach/sgk-tieng-viet-1-tap-mot.4695822132
Lớp 1,Học kỳ 1,4,tv-g1-b4,Bài 4: E e - Ê ê,NXB Giáo Dục VN,"Nhận biết âm E, Ê, quy tắc đánh vần có dấu thanh bé/bế.",SGK CHUẨN GDPT 2018,"SGK Tiếng Việt 1 Tập một — Trang 20, 21",https://taphuan.nxbgd.vn/tap-huan/doc-sach/sgk-tieng-viet-1-tap-mot.4695822132
Lớp 1,Học kỳ 1,5,tv-g1-b5,Bài 5: Ôn tập và kể chuyện,NXB Giáo Dục VN,"Tổng hợp và củng cố các âm chữ cái tuần 1, luyện đọc trôi chảy câu ngắn.",SGK CHUẨN GDPT 2018,"SGK Tiếng Việt 1 Tập một — Trang 22, 23",https://taphuan.nxbgd.vn/tap-huan/doc-sach/sgk-tieng-viet-1-tap-mot.4695822132
Lớp 1,Học kỳ 1,6,tv-g1-b6,Bài 6: O o,NXB Giáo Dục VN,Chuẩn hóa kiến thức âm vần Lớp 1 theo chương trình GDPT 2018.,SGK CHUẨN GDPT 2018,"SGK Tiếng Việt 1 Tập một — Trang 24, 25",https://taphuan.nxbgd.vn/tap-huan/doc-sach/sgk-tieng-viet-1-tap-mot.4695822132
Lớp 1,Học kỳ 1,7,tv-g1-b7,Bài 7: Ô ô - Ơ ơ,NXB Giáo Dục VN,Chuẩn hóa kiến thức âm vần Lớp 1 theo chương trình GDPT 2018.,SGK CHUẨN GDPT 2018,"SGK Tiếng Việt 1 Tập một — Trang 26, 27",https://taphuan.nxbgd.vn/tap-huan/doc-sach/sgk-tieng-viet-1-tap-mot.4695822132
Lớp 1,Học kỳ 1,8,tv-g1-b8,Bài 8: I i - K k,NXB Giáo Dục VN,Chuẩn hóa kiến thức âm vần Lớp 1 theo chương trình GDPT 2018.,SGK CHUẨN GDPT 2018,"SGK Tiếng Việt 1 Tập một — Trang 28, 29",https://taphuan.nxbgd.vn/tap-huan/doc-sach/sgk-tieng-viet-1-tap-mot.4695822132
Lớp 1,Học kỳ 1,9,tv-g1-b9,Bài 9: U u - Ư ư,NXB Giáo Dục VN,Chuẩn hóa kiến thức âm vần Lớp 1 theo chương trình GDPT 2018.,SGK CHUẨN GDPT 2018,"SGK Tiếng Việt 1 Tập một — Trang 30, 31",https://taphuan.nxbgd.vn/tap-huan/doc-sach/sgk-tieng-viet-1-tap-mot.4695822132
Lớp 1,Học kỳ 1,10,tv-g1-b10,Bài 10: Ôn tập âm chữ cái,NXB Giáo Dục VN,Chuẩn hóa kiến thức âm vần Lớp 1 theo chương trình GDPT 2018.,SGK CHUẨN GDPT 2018,"SGK Tiếng Việt 1 Tập một — Trang 32, 33",https://taphuan.nxbgd.vn/tap-huan/doc-sach/sgk-tieng-viet-1-tap-mot.4695822132
Lớp 1,Học kỳ 1,11,tv-g1-b11,Bài 11: L l - M m,NXB Giáo Dục VN,Chuẩn hóa kiến thức âm vần Lớp 1 theo chương trình GDPT 2018.,SGK CHUẨN GDPT 2018,"SGK Tiếng Việt 1 Tập một — Trang 34, 35",https://taphuan.nxbgd.vn/tap-huan/doc-sach/sgk-tieng-viet-1-tap-mot.4695822132
Lớp 1,Học kỳ 1,12,tv-g1-b12,Bài 12: N n - P p,NXB Giáo Dục VN,Chuẩn hóa kiến thức âm vần Lớp 1 theo chương trình GDPT 2018.,SGK CHUẨN GDPT 2018,"SGK Tiếng Việt 1 Tập một — Trang 36, 37",https://taphuan.nxbgd.vn/tap-huan/doc-sach/sgk-tieng-viet-1-tap-mot.4695822132
Lớp 1,Học kỳ 1,13,tv-g1-b13,Bài 13: R r - S s,NXB Giáo Dục VN,Chuẩn hóa kiến thức âm vần Lớp 1 theo chương trình GDPT 2018.,SGK CHUẨN GDPT 2018,"SGK Tiếng Việt 1 Tập một — Trang 38, 39",https://taphuan.nxbgd.vn/tap-huan/doc-sach/sgk-tieng-viet-1-tap-mot.4695822132
Lớp 1,Học kỳ 1,14,tv-g1-b14,Bài 14: T t - Th th,NXB Giáo Dục VN,Chuẩn hóa kiến thức âm vần Lớp 1 theo chương trình GDPT 2018.,SGK CHUẨN GDPT 2018,"SGK Tiếng Việt 1 Tập một — Trang 40, 41",https://taphuan.nxbgd.vn/tap-huan/doc-sach/sgk-tieng-viet-1-tap-mot.4695822132
Lớp 1,Học kỳ 1,15,tv-g1-b15,Bài 15: V v - X x,NXB Giáo Dục VN,Chuẩn hóa kiến thức âm vần Lớp 1 theo chương trình GDPT 2018.,SGK CHUẨN GDPT 2018,"SGK Tiếng Việt 1 Tập một — Trang 42, 43",https://taphuan.nxbgd.vn/tap-huan/doc-sach/sgk-tieng-viet-1-tap-mot.4695822132
Lớp 1,Học kỳ 1,16,tv-g1-b16,Bài 16: Ch ch - Kh kh,NXB Giáo Dục VN,Chuẩn hóa kiến thức âm vần Lớp 1 theo chương trình GDPT 2018.,SGK CHUẨN GDPT 2018,"SGK Tiếng Việt 1 Tập một — Trang 44, 45",https://taphuan.nxbgd.vn/tap-huan/doc-sach/sgk-tieng-viet-1-tap-mot.4695822132
Lớp 1,Học kỳ 1,17,tv-g1-b17,Bài 17: Nh nh - Ng ng,NXB Giáo Dục VN,Chuẩn hóa kiến thức âm vần Lớp 1 theo chương trình GDPT 2018.,SGK CHUẨN GDPT 2018,"SGK Tiếng Việt 1 Tập một — Trang 46, 47",https://taphuan.nxbgd.vn/tap-huan/doc-sach/sgk-tieng-viet-1-tap-mot.4695822132
Lớp 1,Học kỳ 1,18,tv-g1-b18,Bài 18: Ngh ngh - Gh gh,NXB Giáo Dục VN,Chuẩn hóa kiến thức âm vần Lớp 1 theo chương trình GDPT 2018.,SGK CHUẨN GDPT 2018,"SGK Tiếng Việt 1 Tập một — Trang 48, 49",https://taphuan.nxbgd.vn/tap-huan/doc-sach/sgk-tieng-viet-1-tap-mot.4695822132
Lớp 1,Học kỳ 1,19,tv-g1-b19,Bài 19: An an - At at,NXB Giáo Dục VN,Chuẩn hóa kiến thức âm vần Lớp 1 theo chương trình GDPT 2018.,SGK CHUẨN GDPT 2018,"SGK Tiếng Việt 1 Tập một — Trang 52, 53",https://taphuan.nxbgd.vn/tap-huan/doc-sach/sgk-tieng-viet-1-tap-mot.4695822132
Lớp 1,Học kỳ 1,20,tv-g1-b20,Bài 20: Ôn tập cuối Học kì 1,NXB Giáo Dục VN,Chuẩn hóa kiến thức âm vần Lớp 1 theo chương trình GDPT 2018.,SGK CHUẨN GDPT 2018,"SGK Tiếng Việt 1 Tập một — Trang 88, 89",https://taphuan.nxbgd.vn/tap-huan/doc-sach/sgk-tieng-viet-1-tap-mot.4695822132
Lớp 1,Học kỳ 2,21,tv-g1-b21,Bài 1: Tôi là học sinh lớp 1,Trung Sơn,"Đọc trôi chảy toàn bài, hiểu niềm tự hào và sự trưởng thành của học sinh lớp 1 khi mang đồng phục trường Lê Quý Đôn.",SGK CHUẨN GDPT 2018,"SGK Tiếng Việt 1 Tập hai — Trang 10, 11 (Chủ điểm 1: Tôi và các bạn)",https://taphuan.nxbgd.vn/tap-huan/doc-sach/sgk-tieng-viet-1-tap-hai.4698214319
Lớp 1,Học kỳ 2,22,tv-g1-b22,Bài 2: Đôi tai xấu xí,NXB Giáo Dục VN,"Hiểu được mỗi bạn đều có đặc điểm riêng đáng quý, tự tin vào bản thân.",SGK CHUẨN GDPT 2018,"SGK Tiếng Việt 1 Tập hai — Trang 14, 15 (Chủ điểm 1: Tôi và các bạn)",https://taphuan.nxbgd.vn/tap-huan/doc-sach/sgk-tieng-viet-1-tap-hai.4698214319
Lớp 1,Học kỳ 2,23,tv-g1-b23,Bài 3: Bạn của gió,NXB Giáo Dục VN,"Đọc diễn cảm bài thơ, cảm nhận vẻ đẹp và sự hữu ích của gió trong thiên nhiên.",SGK CHUẨN GDPT 2018,"SGK Tiếng Việt 1 Tập hai — Trang 18, 19 (Chủ điểm 2: Thế giới quanh em)",https://taphuan.nxbgd.vn/tap-huan/doc-sach/sgk-tieng-viet-1-tap-hai.4698214319
Lớp 1,Học kỳ 2,24,tv-g1-b24,Bài 4: Rửa tay trước khi ăn,NXB Giáo Dục VN,"Rèn luyện thói quen giữ gìn vệ sinh thân thể, bảo vệ sức khỏe cho học sinh lớp 1.",SGK CHUẨN GDPT 2018,"SGK Tiếng Việt 1 Tập hai — Trang 22, 23 (Chủ điểm 3: Giữ gìn vệ sinh thân thể)",https://taphuan.nxbgd.vn/tap-huan/doc-sach/sgk-tieng-viet-1-tap-hai.4698214319
Lớp 1,Học kỳ 2,25,tv-g1-b25,Bài 5: Lời chào,Phạm Cúc,"Học thuộc lòng bài thơ, hình thành thói quen chào hỏi lễ phép mọi lúc mọi nơi.",SGK CHUẨN GDPT 2018,"SGK Tiếng Việt 1 Tập hai — Trang 26, 27 (Chủ điểm 4: Lễ phép và văn minh)",https://taphuan.nxbgd.vn/tap-huan/doc-sach/sgk-tieng-viet-1-tap-hai.4698214319
Lớp 1,Học kỳ 2,26,tv-g1-b26,Bài 6: Mẹ và cô,Trần Quốc Toàn,"Học thuộc lòng bài thơ, cảm nhận tình cảm yêu thương của mẹ và cô giáo.",SGK CHUẨN GDPT 2018,"SGK Tiếng Việt 1 Tập hai — Trang 34, 35 (Chủ điểm 5: Mái trường mến yêu)",https://taphuan.nxbgd.vn/tap-huan/doc-sach/sgk-tieng-viet-1-tap-hai.4698214319
Lớp 1,Học kỳ 2,27,tv-g1-b27,Bài 7: Cây bàng trường em,Xuân Quỳnh,Đọc hiểu đoạn văn miêu tả vẻ đẹp của cây bàng bốn mùa trong sân trường.,SGK CHUẨN GDPT 2018,"SGK Tiếng Việt 1 Tập hai — Trang 42, 43 (Chủ điểm 5: Mái trường mến yêu)",https://taphuan.nxbgd.vn/tap-huan/doc-sach/sgk-tieng-viet-1-tap-hai.4698214319
Lớp 1,Học kỳ 2,28,tv-g1-b28,Bài 8: Cậu bé thông minh,Truyện cổ tích Việt Nam,"Đọc hiểu truyện cổ tích, ca ngợi sự nhanh trí, bình tĩnh và thông minh của cậu bé.",SGK CHUẨN GDPT 2018,"SGK Tiếng Việt 1 Tập hai — Trang 50, 51 (Chủ điểm 6: Truyện cổ tích)",https://taphuan.nxbgd.vn/tap-huan/doc-sach/sgk-tieng-viet-1-tap-hai.4698214319
Lớp 1,Học kỳ 2,29,tv-g1-b29,Bài 9: Quê hương tươi đẹp,Đồng dao Việt Nam,"Đọc diễn cảm bài đồng dao, bồi dưỡng tình yêu quê hương đất nước thiết tha.",SGK CHUẨN GDPT 2018,"SGK Tiếng Việt 1 Tập hai — Trang 62, 63 (Chủ điểm 7: Quê hương đất nước)",https://taphuan.nxbgd.vn/tap-huan/doc-sach/sgk-tieng-viet-1-tap-hai.4698214319
Lớp 1,Học kỳ 2,30,tv-g1-b30,Bài 10: Bác Hồ kính yêu,Bảo Định Giang,"Hiểu tình yêu thương của Bác Hồ với thiếu nhi, học tập và rèn luyện theo 5 điều Bác dạy.",SGK CHUẨN GDPT 2018,"SGK Tiếng Việt 1 Tập hai — Trang 74, 75 (Chủ điểm 7: Quê hương đất nước)",https://taphuan.nxbgd.vn/tap-huan/doc-sach/sgk-tieng-viet-1-tap-hai.4698214319
Lớp 2,Học kỳ 1,1,tv-g2-b1,Bài 1: Tôi là học sinh lớp 2,NXB Giáo Dục VN,"Đọc diễn cảm bài đọc ngày khai trường, cảm nhận niềm vui và sự tự tin khi bước vào lớp 2.",SGK CHUẨN GDPT 2018,"SGK Tiếng Việt 2 Tập một — Trang 10, 11 (Chủ điểm 1: Em lớn lên từng ngày)",https://taphuan.nxbgd.vn/tap-huan/doc-sach/sgk-tieng-viet-2-tap-mot.4698590737
Lớp 2,Học kỳ 1,2,tv-g2-b2,Bài 2: Ngày hôm qua đâu rồi?,Bế Kiến Quốc,"Học thuộc lòng bài thơ, hiểu được giá trị của thời gian và ý nghĩa của việc chăm chỉ học tập mỗi ngày.",SGK CHUẨN GDPT 2018,"SGK Tiếng Việt 2 Tập một — Trang 14, 15 (Chủ điểm 1: Em lớn lên từng ngày)",https://taphuan.nxbgd.vn/tap-huan/doc-sach/sgk-tieng-viet-2-tap-mot.4698590737
Lớp 2,Học kỳ 1,3,tv-g2-b3,Bài 3: Niềm vui của Bi và Bống,NXB Giáo Dục VN,"Đọc hiểu câu chuyện, cảm nhận tình cảm anh em yêu thương, luôn nghĩ và ước mơ quà tặng cho nhau.",SGK CHUẨN GDPT 2018,"SGK Tiếng Việt 2 Tập một — Trang 18, 19 (Chủ điểm 1: Em lớn lên từng ngày)",https://taphuan.nxbgd.vn/tap-huan/doc-sach/sgk-tieng-viet-2-tap-mot.4698590737
Lớp 2,Học kỳ 1,4,tv-g2-b4,Bài 4: Làm việc thật là vui,Tô Hoài,"Đọc trôi chảy toàn bài, hiểu được lao động và làm việc có ích mang lại niềm vui cho bản thân và mọi người.",SGK CHUẨN GDPT 2018,"SGK Tiếng Việt 2 Tập một — Trang 22, 23 (Chủ điểm 1: Em lớn lên từng ngày)",https://taphuan.nxbgd.vn/tap-huan/doc-sach/sgk-tieng-viet-2-tap-mot.4698590737
Lớp 2,Học kỳ 1,5,tv-g2-b5,Bài 5: Em có xinh không?,NXB Giáo Dục VN,Hiểu bài học về sự tự tin vào nét đẹp riêng biệt và phẩm chất của bản thân.,SGK CHUẨN GDPT 2018,"SGK Tiếng Việt 2 Tập một — Trang 26, 27 (Chủ điểm 2: Đi học vui sao)",https://taphuan.nxbgd.vn/tap-huan/doc-sach/sgk-tieng-viet-2-tap-mot.4698590737
Lớp 2,Học kỳ 1,6,tv-g2-b6,Bài 6: Một giờ học,NXB Giáo Dục VN,Rèn luyện sự tự tin phát biểu trước đám đông và tinh thần khích lệ bạn bè.,SGK CHUẨN GDPT 2018,"SGK Tiếng Việt 2 Tập một — Trang 30, 31 (Chủ điểm 2: Đi học vui sao)",https://taphuan.nxbgd.vn/tap-huan/doc-sach/sgk-tieng-viet-2-tap-mot.4698590737
Lớp 2,Học kỳ 1,7,tv-g2-b7,Bài 7: Cây xấu hổ,Trần Hoài Dương,Cảm nhận vẻ đẹp thiên nhiên và sự hòa nhập cởi mở với bạn bè qua câu chuyện cây xấu hổ.,SGK CHUẨN GDPT 2018,"SGK Tiếng Việt 2 Tập một — Trang 34, 35 (Chủ điểm 2: Đi học vui sao)",https://taphuan.nxbgd.vn/tap-huan/doc-sach/sgk-tieng-viet-2-tap-mot.4698590737
Lớp 2,Học kỳ 1,8,tv-g2-b8,Bài 8: Cầu thủ dự bị,Minh Chính,"Đọc hiểu câu chuyện, học tập tinh thần kiên trì, không nản chí và nỗ lực hết mình.",SGK CHUẨN GDPT 2018,"SGK Tiếng Việt 2 Tập một — Trang 38, 39 (Chủ điểm 2: Đi học vui sao)",https://taphuan.nxbgd.vn/tap-huan/doc-sach/sgk-tieng-viet-2-tap-mot.4698590737
Lớp 2,Học kỳ 1,9,tv-g2-b9,Bài 9: Cô giáo lớp em,Nguyễn Xuân Sanh,"Học thuộc lòng bài thơ, cảm nhận tình yêu thương bao la và sự tận tụy của cô giáo.",SGK CHUẨN GDPT 2018,"SGK Tiếng Việt 2 Tập một — Trang 42, 43 (Chủ điểm 3: Niềm vui tuổi thơ)",https://taphuan.nxbgd.vn/tap-huan/doc-sach/sgk-tieng-viet-2-tap-mot.4698590737
Lớp 2,Học kỳ 1,10,tv-g2-b10,Bài 10: Thời khóa biểu,NXB Giáo Dục VN,"Đọc hiểu thời khóa biểu, rèn luyện kỹ năng tự lập và chuẩn bị sách vở khoa học.",SGK CHUẨN GDPT 2018,"SGK Tiếng Việt 2 Tập một — Trang 46, 47 (Chủ điểm 3: Niềm vui tuổi thơ)",https://taphuan.nxbgd.vn/tap-huan/doc-sach/sgk-tieng-viet-2-tap-mot.4698590737
Lớp 2,Học kỳ 1,11,tv-g2-b11,Bài 11: Cái bàn học của em,NXB Giáo Dục VN,"Đọc hiểu đoạn văn miêu tả đồ vật thân quen, giáo dục ý thức giữ gìn bàn học sạch đẹp.",SGK CHUẨN GDPT 2018,"SGK Tiếng Việt 2 Tập một — Trang 50, 51 (Chủ điểm 3: Niềm vui tuổi thơ)",https://taphuan.nxbgd.vn/tap-huan/doc-sach/sgk-tieng-viet-2-tap-mot.4698590737
Lớp 2,Học kỳ 1,12,tv-g2-b12,Bài 12: Danh sách học sinh tổ 1,NXB Giáo Dục VN,"Tập đọc văn bản thông tin dạng bảng danh sách, tra cứu thông tin theo thứ tự bảng chữ cái.",SGK CHUẨN GDPT 2018,"SGK Tiếng Việt 2 Tập một — Trang 54, 55 (Chủ điểm 3: Niềm vui tuổi thơ)",https://taphuan.nxbgd.vn/tap-huan/doc-sach/sgk-tieng-viet-2-tap-mot.4698590737
Lớp 2,Học kỳ 1,13,tv-g2-b13,Bài 13: Yêu lắm trường ơi!,Nguyễn Trọng Hoàn,"Học thuộc lòng bài thơ, bồi dưỡng tình yêu trường lớp, thầy cô và bạn bè thân thương.",SGK CHUẨN GDPT 2018,"SGK Tiếng Việt 2 Tập một — Trang 58, 59 (Chủ điểm 4: Mái trường thân yêu)",https://taphuan.nxbgd.vn/tap-huan/doc-sach/sgk-tieng-viet-2-tap-mot.4698590737
Lớp 2,Học kỳ 1,14,tv-g2-b14,Bài 14: Em học vẽ,Phan Thị Thanh Nhàn,"Đọc diễn cảm bài thơ, phát huy trí tưởng tượng và tình cảm hiếu thảo với cha mẹ.",SGK CHUẨN GDPT 2018,"SGK Tiếng Việt 2 Tập một — Trang 62, 63 (Chủ điểm 4: Mái trường thân yêu)",https://taphuan.nxbgd.vn/tap-huan/doc-sach/sgk-tieng-viet-2-tap-mot.4698590737
Lớp 2,Học kỳ 1,15,tv-g2-b15,Bài 15: Cuốn sách của em,NXB Giáo Dục VN,"Hiểu cấu tạo của một cuốn sách và hình thành ý thức giữ gìn, trân trọng sách vở.",SGK CHUẨN GDPT 2018,"SGK Tiếng Việt 2 Tập một — Trang 66, 67 (Chủ điểm 4: Mái trường thân yêu)",https://taphuan.nxbgd.vn/tap-huan/doc-sach/sgk-tieng-viet-2-tap-mot.4698590737
Lớp 2,Học kỳ 1,16,tv-g2-b16,Bài 16: Khi trang sách mở ra,Nguyễn Nhật Ánh,"Học thuộc lòng bài thơ, cảm nhận niềm đam mê đọc sách và mở rộng tri thức qua từng trang sách.",SGK CHUẨN GDPT 2018,"SGK Tiếng Việt 2 Tập một — Trang 70, 71 (Chủ điểm 4: Mái trường thân yêu)",https://taphuan.nxbgd.vn/tap-huan/doc-sach/sgk-tieng-viet-2-tap-mot.4698590737
Lớp 2,Học kỳ 1,17,tv-g2-b17,Bài 17: Gọi bạn,Định Hải,"Học thuộc lòng bài thơ, cảm nhận tình bạn thủy chung, son sắt giữa Bê Vàng và Dê Trắng.",SGK CHUẨN GDPT 2018,"SGK Tiếng Việt 2 Tập một — Trang 74, 75 (Chủ điểm 4: Mái trường thân yêu)",https://taphuan.nxbgd.vn/tap-huan/doc-sach/sgk-tieng-viet-2-tap-mot.4698590737
Lớp 2,Học kỳ 1,18,tv-g2-b18,Bài 18: Nhím nâu kết bạn,NXB Giáo Dục VN,"Đọc hiểu câu chuyện, học cách mở lòng kết bạn và chia sẻ niềm vui với mọi người xung quanh.",SGK CHUẨN GDPT 2018,"SGK Tiếng Việt 2 Tập một — Trang 78, 79 (Chủ điểm 4: Mái trường thân yêu)",https://taphuan.nxbgd.vn/tap-huan/doc-sach/sgk-tieng-viet-2-tap-mot.4698590737
Lớp 2,Học kỳ 2,19,tv-g2-b19,Bài 19: Chuyện bốn mùa,Hoàng Như Mai,"Đọc hiểu câu chuyện bốn mùa, nhận biết đặc điểm và vẻ đẹp riêng của từng mùa trong năm.",SGK CHUẨN GDPT 2018,"SGK Tiếng Việt 2 Tập hai — Trang 10, 11 (Chủ điểm 5: Vẻ đẹp bốn mùa)",https://taphuan.nxbgd.vn/tap-huan/doc-sach/sgk-tieng-viet-2-tap-hai.4698600732
Lớp 2,Học kỳ 2,20,tv-g2-b20,Bài 20: Mùa vàng,Nguyễn Viết Bình,"Học thuộc lòng bài thơ, cảm nhận vẻ đẹp mùa gặt và biết ơn công sức của bác nông dân.",SGK CHUẨN GDPT 2018,"SGK Tiếng Việt 2 Tập hai — Trang 18, 19 (Chủ điểm 5: Vẻ đẹp bốn mùa)",https://taphuan.nxbgd.vn/tap-huan/doc-sach/sgk-tieng-viet-2-tap-hai.4698600732
Lớp 2,Học kỳ 2,21,tv-g2-b21,Bài 21: Mưa mùa hạ,NXB Giáo Dục VN,"Đọc diễn cảm bài văn miêu tả cơn mưa rào mùa hạ, cảm nhận sức sống hồi sinh của thiên nhiên.",SGK CHUẨN GDPT 2018,"SGK Tiếng Việt 2 Tập hai — Trang 22, 23 (Chủ điểm 5: Vẻ đẹp bốn mùa)",https://taphuan.nxbgd.vn/tap-huan/doc-sach/sgk-tieng-viet-2-tap-hai.4698600732
Lớp 2,Học kỳ 2,22,tv-g2-b22,Bài 22: Chim rừng Tây Nguyên,Thi Sảnh,Cảm nhận vẻ đẹp phong phú của thế giới loài chim và cảnh sắc hùng vĩ của núi rừng Tây Nguyên.,SGK CHUẨN GDPT 2018,"SGK Tiếng Việt 2 Tập hai — Trang 26, 27 (Chủ điểm 6: Thế giới loài vật)",https://taphuan.nxbgd.vn/tap-huan/doc-sach/sgk-tieng-viet-2-tap-hai.4698600732
Lớp 2,Học kỳ 2,23,tv-g2-b23,Bài 23: Bác sĩ Sói,Truyện ngụ ngôn,"Đọc hiểu truyện ngụ ngôn, ca ngợi sự bình tĩnh, thông minh của Ngựa trước kẻ gian xảo.",SGK CHUẨN GDPT 2018,"SGK Tiếng Việt 2 Tập hai — Trang 30, 31 (Chủ điểm 6: Thế giới loài vật)",https://taphuan.nxbgd.vn/tap-huan/doc-sach/sgk-tieng-viet-2-tap-hai.4698600732
Lớp 2,Học kỳ 2,24,tv-g2-b24,Bài 24: Tôm Càng và Cá Con,NXB Giáo Dục VN,"Đọc hiểu câu chuyện, học tập lòng dũng cảm, nhanh trí cứu bạn trong lúc hiểm nguy.",SGK CHUẨN GDPT 2018,"SGK Tiếng Việt 2 Tập hai — Trang 34, 35 (Chủ điểm 6: Thế giới loài vật)",https://taphuan.nxbgd.vn/tap-huan/doc-sach/sgk-tieng-viet-2-tap-hai.4698600732
Lớp 2,Học kỳ 2,25,tv-g2-b25,Bài 25: Bác Hồ rèn luyện thân thể,NXB Giáo Dục VN,"Noi gương Bác Hồ rèn luyện thân thể, nâng cao ý thức tập thể dục bảo vệ sức khỏe.",SGK CHUẨN GDPT 2018,"SGK Tiếng Việt 2 Tập hai — Trang 44, 45 (Chủ điểm 7: Bác Hồ kính yêu)",https://taphuan.nxbgd.vn/tap-huan/doc-sach/sgk-tieng-viet-2-tap-hai.4698600732
Lớp 2,Học kỳ 2,26,tv-g2-b26,Bài 26: Ai ngoan sẽ được thưởng,NXB Giáo Dục VN,"Đọc hiểu câu chuyện, học tập đức tính thật thà, dũng cảm nhận lỗi của bạn Tộ.",SGK CHUẨN GDPT 2018,"SGK Tiếng Việt 2 Tập hai — Trang 48, 49 (Chủ điểm 7: Bác Hồ kính yêu)",https://taphuan.nxbgd.vn/tap-huan/doc-sach/sgk-tieng-viet-2-tap-hai.4698600732
Lớp 2,Học kỳ 2,27,tv-g2-b27,Bài 27: Cờ đỏ sao vàng,NXB Giáo Dục VN,Hiểu ý nghĩa thiêng liêng của lá Quốc kỳ Việt Nam và bồi dưỡng lòng yêu nước cho học sinh.,SGK CHUẨN GDPT 2018,"SGK Tiếng Việt 2 Tập hai — Trang 56, 57 (Chủ điểm 8: Đất nước và con người)",https://taphuan.nxbgd.vn/tap-huan/doc-sach/sgk-tieng-viet-2-tap-hai.4698600732
Lớp 2,Học kỳ 2,28,tv-g2-b28,Bài 28: Em yêu biển đảo quê hương,Đoàn Minh Tuấn,"Đọc diễn cảm bài thơ, bồi dưỡng tình yêu biển đảo quê hương và sự biết ơn các chú bộ đội hải quân.",SGK CHUẨN GDPT 2018,"SGK Tiếng Việt 2 Tập hai — Trang 60, 61 (Chủ điểm 8: Đất nước và con người)",https://taphuan.nxbgd.vn/tap-huan/doc-sach/sgk-tieng-viet-2-tap-hai.4698600732
Lớp 2,Học kỳ 2,29,tv-g2-b29,Bài 29: Lượm hạt thóc vàng,Đồng dao Việt Nam,"Đọc hiểu bài đồng dao, giáo dục đức tính tiết kiệm và trân quý từng hạt ngọc của đất trời.",SGK CHUẨN GDPT 2018,"SGK Tiếng Việt 2 Tập hai — Trang 68, 69 (Chủ điểm 8: Đất nước và con người)",https://taphuan.nxbgd.vn/tap-huan/doc-sach/sgk-tieng-viet-2-tap-hai.4698600732
Lớp 2,Học kỳ 2,30,tv-g2-b30,Bài 30: Chuyến phiêu lưu của Giọt Nước,NXB Giáo Dục VN,"Đọc hiểu câu chuyện vòng tuần hoàn của nước trong tự nhiên, nâng cao ý thức bảo vệ nguồn nước sạch.",SGK CHUẨN GDPT 2018,"SGK Tiếng Việt 2 Tập hai — Trang 74, 75 (Chủ điểm 8: Đất nước và con người)",https://taphuan.nxbgd.vn/tap-huan/doc-sach/sgk-tieng-viet-2-tap-hai.4698600732
Lớp 3,Học kỳ 1,1,tv-g3-b1,Bài 1: Chiếc nhãn vở đặc biệt,Nguyễn Thị Kim Hòa,"Đọc trôi chảy toàn bài, hiểu được niềm vui và sự tự lập của bạn nhỏ khi tự tay viết chiếc nhãn vở đầu tiên.",SGK CHUẨN GDPT 2018,"SGK Tiếng Việt 3 Tập một — Trang 10, 11 (Chủ điểm 1: Những búp măng non)",https://taphuan.nxbgd.vn/tap-huan/doc-sach/sgk-tieng-viet-3-tap-mot.4698680579
Lớp 3,Học kỳ 1,2,tv-g3-b2,Bài 2: Lắng nghe những ước mơ,NXB Giáo Dục VN,Tự tin chia sẻ ước mơ nghề nghiệp và có ý thức rèn luyện bản thân để biến ước mơ thành hiện thực.,SGK CHUẨN GDPT 2018,"SGK Tiếng Việt 3 Tập một — Trang 14, 15 (Chủ điểm 1: Những búp măng non)",https://taphuan.nxbgd.vn/tap-huan/doc-sach/sgk-tieng-viet-3-tap-mot.4698680579
Lớp 3,Học kỳ 1,3,tv-g3-b3,Bài 3: Em vui đến trường,Nguyễn Lãm Thắng,"Đọc diễn cảm bài thơ, cảm nhận niềm vui rộn rã khi mỗi ngày được đến trường học chữ.",SGK CHUẨN GDPT 2018,"SGK Tiếng Việt 3 Tập một — Trang 18, 19 (Chủ điểm 1: Những búp măng non)",https://taphuan.nxbgd.vn/tap-huan/doc-sach/sgk-tieng-viet-3-tap-mot.4698680579
Lớp 3,Học kỳ 1,4,tv-g3-b4,Bài 4: Cậu học sinh mới,Theo Đức Hoài,"Đọc hiểu câu chuyện về tuổi thơ của nhà bác học Lu-i Pa-xtơ, bồi dưỡng niềm say mê học tập và khám phá khoa học.",SGK CHUẨN GDPT 2018,"SGK Tiếng Việt 3 Tập một — Trang 22, 23 (Chủ điểm 1: Những búp măng non)",https://taphuan.nxbgd.vn/tap-huan/doc-sach/sgk-tieng-viet-3-tap-mot.4698680579
Lớp 3,Học kỳ 1,5,tv-g3-b5,Bài 5: Mùa hè lấp lánh,Nguyễn Minh Nguyên,"Cảm nhận vẻ đẹp rực rỡ, âm thanh náo nức và những trải nghiệm thú vị của mùa hè tuổi thơ.",SGK CHUẨN GDPT 2018,"SGK Tiếng Việt 3 Tập một — Trang 26, 27 (Chủ điểm 2: Mùa hè kỳ thú)",https://taphuan.nxbgd.vn/tap-huan/doc-sach/sgk-tieng-viet-3-tap-mot.4698680579
Lớp 3,Học kỳ 1,6,tv-g3-b6,Bài 6: Cánh đồng tuổi thơ,Nguyễn Trọng Tạo,Đọc hiểu vẻ đẹp thanh bình của cánh đồng quê hương và tình cảm gắn bó với quê hương xứ sở.,SGK CHUẨN GDPT 2018,"SGK Tiếng Việt 3 Tập một — Trang 30, 31 (Chủ điểm 2: Mùa hè kỳ thú)",https://taphuan.nxbgd.vn/tap-huan/doc-sach/sgk-tieng-viet-3-tap-mot.4698680579
Lớp 3,Học kỳ 1,7,tv-g3-b7,Bài 7: Con đường đến trường,Đỗ Bích Thúy,"Đọc hiểu câu chuyện vượt khó đến trường của học sinh vùng cao, khâm phục tinh thần hiếu học của các bạn.",SGK CHUẨN GDPT 2018,"SGK Tiếng Việt 3 Tập một — Trang 34, 35 (Chủ điểm 2: Mùa hè kỳ thú)",https://taphuan.nxbgd.vn/tap-huan/doc-sach/sgk-tieng-viet-3-tap-mot.4698680579
Lớp 3,Học kỳ 1,8,tv-g3-b8,Bài 8: Lời giải toán đặc biệt,Theo Bồi dưỡng Toán tiểu học,"Đọc hiểu câu chuyện về danh nhân Vích-to Huy-gô, ca ngợi tài năng sáng tạo và sự kết hợp kỳ diệu giữa Toán học và Văn học.",SGK CHUẨN GDPT 2018,"SGK Tiếng Việt 3 Tập một — Trang 38, 39 (Chủ điểm 3: Khám phá tri thức)",https://taphuan.nxbgd.vn/tap-huan/doc-sach/sgk-tieng-viet-3-tap-mot.4698680579
Lớp 3,Học kỳ 1,9,tv-g3-b9,Bài 9: Bàn tay cô giáo,Định Hải,"Học thuộc lòng bài thơ, khâm phục đôi bàn tay khéo léo và tình yêu thương của cô giáo.",SGK CHUẨN GDPT 2018,"SGK Tiếng Việt 3 Tập một — Trang 42, 43 (Chủ điểm 3: Khám phá tri thức)",https://taphuan.nxbgd.vn/tap-huan/doc-sach/sgk-tieng-viet-3-tap-mot.4698680579
Lớp 3,Học kỳ 1,10,tv-g3-b10,Bài 10: Nhà rông ở Tây Nguyên,Nguyễn Văn Huy,Hiểu kiến trúc độc đáo và ý nghĩa văn hóa thiêng liêng của nhà rông đối với đồng bào Tây Nguyên.,SGK CHUẨN GDPT 2018,"SGK Tiếng Việt 3 Tập một — Trang 46, 47 (Chủ điểm 3: Khám phá tri thức)",https://taphuan.nxbgd.vn/tap-huan/doc-sach/sgk-tieng-viet-3-tap-mot.4698680579
Lớp 3,Học kỳ 1,11,tv-g3-b11,Bài 11: Tiếng chim hót trong vườn,Võ Quảng,Cảm nhận âm thanh rộn rã và vẻ đẹp tươi mới của thiên nhiên qua tiếng hót của các loài chim.,SGK CHUẨN GDPT 2018,"SGK Tiếng Việt 3 Tập một — Trang 50, 51 (Chủ điểm 4: Thiên nhiên kỳ thú)",https://taphuan.nxbgd.vn/tap-huan/doc-sach/sgk-tieng-viet-3-tap-mot.4698680579
Lớp 3,Học kỳ 1,12,tv-g3-b12,Bài 12: Thư viện trường em,NXB Giáo Dục VN,"Hiểu ý nghĩa của thư viện trường học, nâng cao văn hóa đọc và ý thức giữ trật tự nơi công cộng.",SGK CHUẨN GDPT 2018,"SGK Tiếng Việt 3 Tập một — Trang 54, 55 (Chủ điểm 4: Thiên nhiên kỳ thú)",https://taphuan.nxbgd.vn/tap-huan/doc-sach/sgk-tieng-viet-3-tap-mot.4698680579
Lớp 3,Học kỳ 1,13,tv-g3-b13,Bài 13: Bầu trời mùa thu,Theo Xô-khôm-lin-xki,"Đọc hiểu bài văn, rèn luyện năng lực quan sát tinh tế và cảm nhận vẻ đẹp của bầu trời mùa thu.",SGK CHUẨN GDPT 2018,"SGK Tiếng Việt 3 Tập một — Trang 58, 59 (Chủ điểm 4: Thiên nhiên kỳ thú)",https://taphuan.nxbgd.vn/tap-huan/doc-sach/sgk-tieng-viet-3-tap-mot.4698680579
Lớp 3,Học kỳ 1,14,tv-g3-b14,Bài 14: Quạt cho bà ngủ,Thạch Quỳ,"Học thuộc lòng bài thơ, cảm nhận lòng hiếu thảo, tình yêu thương chăm sóc bà ân cần của bạn nhỏ.",SGK CHUẨN GDPT 2018,"SGK Tiếng Việt 3 Tập một — Trang 62, 63 (Chủ điểm 4: Thiên nhiên kỳ thú)",https://taphuan.nxbgd.vn/tap-huan/doc-sach/sgk-tieng-viet-3-tap-mot.4698680579
Lớp 3,Học kỳ 2,15,tv-g3-b15,Bài 15: Cóc kiện Trời,Truyện cổ tích Việt Nam,"Đọc hiểu truyện cổ tích, ca ngợi lòng dũng cảm, sự thông minh và tinh thần đoàn kết cứu muôn loài của chú Cóc tía.",SGK CHUẨN GDPT 2018,"SGK Tiếng Việt 3 Tập hai — Trang 10, 11 (Chủ điểm 5: Đất nước ngàn năm)",https://taphuan.nxbgd.vn/tap-huan/doc-sach/sgk-tieng-viet-3-tap-hai.4698697436
Lớp 3,Học kỳ 2,16,tv-g3-b16,Bài 16: Hai Bà Trưng,Theo Lịch sử Việt Nam,Tự hào về truyền thống yêu nước chống ngoại xâm oanh liệt của Hai Bà Trưng và phụ nữ Việt Nam.,SGK CHUẨN GDPT 2018,"SGK Tiếng Việt 3 Tập hai — Trang 16, 17 (Chủ điểm 5: Đất nước ngàn năm)",https://taphuan.nxbgd.vn/tap-huan/doc-sach/sgk-tieng-viet-3-tap-hai.4698697436
Lớp 3,Học kỳ 2,17,tv-g3-b17,Bài 17: Đất nước tươi đẹp,Trần Đăng Khoa,"Học thuộc lòng bài thơ, cảm nhận sự giàu đẹp của dải đất hình chữ S và ý thức xây dựng quê hương.",SGK CHUẨN GDPT 2018,"SGK Tiếng Việt 3 Tập hai — Trang 22, 23 (Chủ điểm 5: Đất nước ngàn năm)",https://taphuan.nxbgd.vn/tap-huan/doc-sach/sgk-tieng-viet-3-tap-hai.4698697436
Lớp 3,Học kỳ 2,18,tv-g3-b18,Bài 18: Bức thư gửi chú hải quân,NXB Giáo Dục VN,"Tập đọc và hiểu hình thức bức thư thăm hỏi, bồi dưỡng tình cảm gắn bó giữa đất liền và hải đảo.",SGK CHUẨN GDPT 2018,"SGK Tiếng Việt 3 Tập hai — Trang 28, 29 (Chủ điểm 6: Biển đảo quê hương)",https://taphuan.nxbgd.vn/tap-huan/doc-sach/sgk-tieng-viet-3-tap-hai.4698697436
Lớp 3,Học kỳ 2,19,tv-g3-b19,Bài 19: Chú hải quân canh giữ đảo xa,Định Hải,"Học thuộc lòng bài thơ, ca ngợi tinh thần quả cảm, kiên trung của các chiến sĩ hải quân.",SGK CHUẨN GDPT 2018,"SGK Tiếng Việt 3 Tập hai — Trang 34, 35 (Chủ điểm 6: Biển đảo quê hương)",https://taphuan.nxbgd.vn/tap-huan/doc-sach/sgk-tieng-viet-3-tap-hai.4698697436
Lớp 3,Học kỳ 2,20,tv-g3-b20,Bài 20: Bác sĩ Y-éc-xanh,Theo Đức Hoài,"Khâm phục nhân cách cao cả, lòng nhân ái bao la và cống hiến vĩ đại của bác sĩ Y-éc-xanh cho nhân dân Việt Nam.",SGK CHUẨN GDPT 2018,"SGK Tiếng Việt 3 Tập hai — Trang 40, 41 (Chủ điểm 7: Những người bạn quốc tế)",https://taphuan.nxbgd.vn/tap-huan/doc-sach/sgk-tieng-viet-3-tap-hai.4698697436
Lớp 3,Học kỳ 2,21,tv-g3-b21,Bài 21: Người trí thức yêu nước,Theo Bác sĩ Đặng Văn Ngữ,"Tự hào và noi gương tấm lòng yêu nước nồng nàn, sẵn sàng hy sinh cống hiến của Giáo sư Đặng Văn Ngữ.",SGK CHUẨN GDPT 2018,"SGK Tiếng Việt 3 Tập hai — Trang 46, 47 (Chủ điểm 7: Những người bạn quốc tế)",https://taphuan.nxbgd.vn/tap-huan/doc-sach/sgk-tieng-viet-3-tap-hai.4698697436
Lớp 3,Học kỳ 2,22,tv-g3-b22,Bài 22: Trái Đất xanh của chúng mình,Định Hải,"Học thuộc lòng bài thơ, nâng cao ý thức giữ gìn vệ sinh môi trường và bảo vệ hành tinh xanh.",SGK CHUẨN GDPT 2018,"SGK Tiếng Việt 3 Tập hai — Trang 52, 53 (Chủ điểm 8: Ngôi nhà chung Trái Đất)",https://taphuan.nxbgd.vn/tap-huan/doc-sach/sgk-tieng-viet-3-tap-hai.4698697436
Lớp 3,Học kỳ 2,23,tv-g3-b23,Bài 23: Cùng vui chơi trong nắng mới,Võ Quảng,Cảm nhận niềm vui tươi lành mạnh của các trò chơi vận động trong giờ ra chơi tại trường.,SGK CHUẨN GDPT 2018,"SGK Tiếng Việt 3 Tập hai — Trang 58, 59 (Chủ điểm 8: Ngôi nhà chung Trái Đất)",https://taphuan.nxbgd.vn/tap-huan/doc-sach/sgk-tieng-viet-3-tap-hai.4698697436
Lớp 3,Học kỳ 2,24,tv-g3-b24,Bài 24: Hương lúa chín đầu mùa,Thạch Lam,Cảm nhận hương vị ngọt ngào của lúa nếp mùa thu và tình cảm gắn bó với quê hương qua áng văn của Thạch Lam.,SGK CHUẨN GDPT 2018,"SGK Tiếng Việt 3 Tập hai — Trang 64, 65 (Chủ điểm 8: Ngôi nhà chung Trái Đất)",https://taphuan.nxbgd.vn/tap-huan/doc-sach/sgk-tieng-viet-3-tap-hai.4698697436
Lớp 3,Học kỳ 2,25,tv-g3-b25,Bài 25: Đấu trường Trạng Nguyên nhí Lớp 3,WonderKids — Tự sinh,Tổng kết kiến thức kỹ năng Tiếng Việt Lớp 3 và bồi dưỡng lòng tự tin chinh phục tri thức.,NỘI DUNG TỰ SINH (WonderKids Bổ Trợ),Nội dung tự sinh,
Lớp 4,Học kỳ 1,1,tv-g4-b1,Bài 1: Dế Mèn bênh vực kẻ yếu (Phần 1),Tô Hoài,"Đọc diễn cảm trích đoạn truyện kinh điển của Tô Hoài, cảm nhận tấm lòng hiệp nghĩa, bênh vực kẻ yếu của Dế Mèn.",SGK CHUẨN GDPT 2018,"SGK Tiếng Việt 4 Tập một — Trang 10, 11 (Chủ điểm 1: Thương người như thể thương thân)",https://taphuan.nxbgd.vn/tap-huan/doc-sach/sgk-tieng-viet-4-tap-mot.4698846675
Lớp 4,Học kỳ 1,2,tv-g4-b2,Bài 2: Truyện cổ nước mình,Lâm Thị Mỹ Dạ,"Học thuộc lòng bài thơ, hiểu ý nghĩa nhân văn sâu sắc của truyện cổ tích nước nhà.",SGK CHUẨN GDPT 2018,"SGK Tiếng Việt 4 Tập một — Trang 14, 15 (Chủ điểm 1: Thương người như thể thương thân)",https://taphuan.nxbgd.vn/tap-huan/doc-sach/sgk-tieng-viet-4-tap-mot.4698846675
Lớp 4,Học kỳ 1,3,tv-g4-b3,Bài 3: Thư thăm bạn,Lương Ngọc Mạch,"Tập đọc và viết thư thăm hỏi, bồi dưỡng tình cảm sẻ chia với những hoàn cảnh khó khăn.",SGK CHUẨN GDPT 2018,"SGK Tiếng Việt 4 Tập một — Trang 18, 19 (Chủ điểm 1: Thương người như thể thương thân)",https://taphuan.nxbgd.vn/tap-huan/doc-sach/sgk-tieng-viet-4-tap-mot.4698846675
Lớp 4,Học kỳ 1,4,tv-g4-b4,Bài 4: Dế Mèn bênh vực kẻ yếu (Phần 2),Tô Hoài,"Hiểu sức mạnh của lẽ phải, sự dũng cảm và tinh thần thượng võ bảo vệ công lý của Dế Mèn.",SGK CHUẨN GDPT 2018,"SGK Tiếng Việt 4 Tập một — Trang 22, 23 (Chủ điểm 1: Thương người như thể thương thân)",https://taphuan.nxbgd.vn/tap-huan/doc-sach/sgk-tieng-viet-4-tap-mot.4698846675
Lớp 4,Học kỳ 1,5,tv-g4-b5,Bài 5: Mười năm cõng bạn đi học,Theo Báo Tiền Phong,"Khâm phục và noi gương tình bạn cao cả, sự tận tụy cõng bạn suốt 10 năm của bạn Đoàn Trường Sinh.",SGK CHUẨN GDPT 2018,"SGK Tiếng Việt 4 Tập một — Trang 26, 27 (Chủ điểm 1: Thương người như thể thương thân)",https://taphuan.nxbgd.vn/tap-huan/doc-sach/sgk-tieng-viet-4-tap-mot.4698846675
Lớp 4,Học kỳ 1,6,tv-g4-b6,Bài 6: Bài ca Trái Đất,Định Hải,"Học thuộc lòng bài thơ, cảm nhận thông điệp hòa bình và chung tay bảo vệ hành tinh xanh.",SGK CHUẨN GDPT 2018,"SGK Tiếng Việt 4 Tập một — Trang 30, 31 (Chủ điểm 2: Giữ lấy màu xanh)",https://taphuan.nxbgd.vn/tap-huan/doc-sach/sgk-tieng-viet-4-tap-mot.4698846675
Lớp 4,Học kỳ 1,7,tv-g4-b7,Bài 7: Những hạt thóc giống,Truyện dân gian Campuchia,"Đọc hiểu câu chuyện, ca ngợi đức tính trung thực là phẩm chất quý giá nhất của con người.",SGK CHUẨN GDPT 2018,"SGK Tiếng Việt 4 Tập một — Trang 34, 35 (Chủ điểm 3: Trung thực - Tự trọng)",https://taphuan.nxbgd.vn/tap-huan/doc-sach/sgk-tieng-viet-4-tap-mot.4698846675
Lớp 4,Học kỳ 1,8,tv-g4-b8,Bài 8: Nếu chúng mình có phép lạ,Định Hải,"Học thuộc lòng bài thơ, cảm nhận những ước mơ ngây thơ, nhân đạo và cao đẹp của thiếu nhi.",SGK CHUẨN GDPT 2018,"SGK Tiếng Việt 4 Tập một — Trang 38, 39 (Chủ điểm 4: Ước mơ tuổi thơ)",https://taphuan.nxbgd.vn/tap-huan/doc-sach/sgk-tieng-viet-4-tap-mot.4698846675
Lớp 4,Học kỳ 1,9,tv-g4-b9,Bài 9: Về thăm bà,Thạch Lam,"Cảm nhận tình cảm bà cháu sâu nặng, ấm áp và không gian thanh bình của chốn quê hương qua ngòi bút Thạch Lam.",SGK CHUẨN GDPT 2018,"SGK Tiếng Việt 4 Tập một — Trang 42, 43 (Chủ điểm 5: Tình cảm gia đình)",https://taphuan.nxbgd.vn/tap-huan/doc-sach/sgk-tieng-viet-4-tap-mot.4698846675
Lớp 4,Học kỳ 1,10,tv-g4-b10,Bài 10: Cây đa quê hương,Nguyễn Khắc Viện,Đọc hiểu vẻ đẹp cổ kính của cây đa làng và tình yêu tha thiết với cội nguồn quê hương.,SGK CHUẨN GDPT 2018,"SGK Tiếng Việt 4 Tập một — Trang 46, 47 (Chủ điểm 5: Tình cảm gia đình)",https://taphuan.nxbgd.vn/tap-huan/doc-sach/sgk-tieng-viet-4-tap-mot.4698846675
Lớp 4,Học kỳ 1,11,tv-g4-b11,Bài 11: Bông hoa niềm vui,NXB Giáo Dục VN,"Đọc hiểu câu chuyện, bồi dưỡng lòng hiếu thảo với cha mẹ và tinh thần tôn trọng kỷ luật tập thể.",SGK CHUẨN GDPT 2018,"SGK Tiếng Việt 4 Tập một — Trang 50, 51 (Chủ điểm 5: Tình cảm gia đình)",https://taphuan.nxbgd.vn/tap-huan/doc-sach/sgk-tieng-viet-4-tap-mot.4698846675
Lớp 4,Học kỳ 2,12,tv-g4-b12,Bài 12: Bốn anh tài (Phần 1),Truyện dân gian dân tộc Tày,"Đọc hiểu truyện dân gian dân tộc Tày, ca ngợi sức mạnh đoàn kết và tài năng phi thường của các anh hùng.",SGK CHUẨN GDPT 2018,"SGK Tiếng Việt 4 Tập hai — Trang 10, 11 (Chủ điểm 6: Người ta là hoa đất)",https://taphuan.nxbgd.vn/tap-huan/doc-sach/sgk-tieng-viet-4-tap-hai.4698852686
Lớp 4,Học kỳ 2,13,tv-g4-b13,Bài 13: Bốn anh tài (Phần 2),Truyện dân gian dân tộc Tày,Khẳng định sức mạnh vô địch của tinh thần đồng đội và trí dũng song toàn trong việc trừ gian diệt bạo.,SGK CHUẨN GDPT 2018,"SGK Tiếng Việt 4 Tập hai — Trang 16, 17 (Chủ điểm 6: Người ta là hoa đất)",https://taphuan.nxbgd.vn/tap-huan/doc-sach/sgk-tieng-viet-4-tap-hai.4698852686
Lớp 4,Học kỳ 2,14,tv-g4-b14,Bài 14: Trống đồng Đông Sơn,Nguyễn Văn Huyên,Tự hào về nền văn minh Đông Sơn cổ đại và di sản văn hóa thiêng liêng của dân tộc.,SGK CHUẨN GDPT 2018,"SGK Tiếng Việt 4 Tập hai — Trang 22, 23 (Chủ điểm 7: Vẻ đẹp non sông)",https://taphuan.nxbgd.vn/tap-huan/doc-sach/sgk-tieng-viet-4-tap-hai.4698852686
Lớp 4,Học kỳ 2,15,tv-g4-b15,Bài 15: Vịnh Hạ Long,Thi Sảnh,"Đọc hiểu áng văn miêu tả kiệt tác Vịnh Hạ Long, bồi dưỡng tình yêu và ý thức giữ gìn danh lam thắng cảnh đất nước.",SGK CHUẨN GDPT 2018,"SGK Tiếng Việt 4 Tập hai — Trang 28, 29 (Chủ điểm 7: Vẻ đẹp non sông)",https://taphuan.nxbgd.vn/tap-huan/doc-sach/sgk-tieng-viet-4-tap-hai.4698852686
Lớp 4,Học kỳ 2,16,tv-g4-b16,Bài 16: Kỳ quan Hang Sơn Đoòng,Theo Báo Khoa học và Đời sống,"Tự hào về kỳ quan thiên nhiên vô giá của Việt Nam, khơi dậy niềm đam mê khám phá thế giới tự nhiên.",SGK CHUẨN GDPT 2018,"SGK Tiếng Việt 4 Tập hai — Trang 34, 35 (Chủ điểm 7: Vẻ đẹp non sông)",https://taphuan.nxbgd.vn/tap-huan/doc-sach/sgk-tieng-viet-4-tap-hai.4698852686
Lớp 4,Học kỳ 2,17,tv-g4-b17,Bài 17: Nhà bác học của đồng ruộng,Hàm Châu,Khâm phục tinh thần say mê nghiên cứu khoa học và tấm lòng tận tụy vì nông dân của Giáo sư Lương Định Của.,SGK CHUẨN GDPT 2018,"SGK Tiếng Việt 4 Tập hai — Trang 40, 41 (Chủ điểm 8: Những người quả cảm)",https://taphuan.nxbgd.vn/tap-huan/doc-sach/sgk-tieng-viet-4-tap-hai.4698852686
Lớp 4,Học kỳ 2,18,tv-g4-b18,Bài 18: Chiếc lá,Khái Hưng,"Hiểu ý nghĩa triết lý sâu sắc về lối sống cống hiến thầm lặng, khiêm tốn vì cộng đồng.",SGK CHUẨN GDPT 2018,"SGK Tiếng Việt 4 Tập hai — Trang 46, 47 (Chủ điểm 8: Những người quả cảm)",https://taphuan.nxbgd.vn/tap-huan/doc-sach/sgk-tieng-viet-4-tap-hai.4698852686
Lớp 4,Học kỳ 2,19,tv-g4-b19,Bài 19: Chú bé Lượm,Tố Hữu,"Học thuộc lòng bài thơ, cảm phục tinh thần yêu nước quả cảm, sự hồn nhiên và hy sinh anh dũng của chú bé Lượm.",SGK CHUẨN GDPT 2018,"SGK Tiếng Việt 4 Tập hai — Trang 52, 53 (Chủ điểm 8: Những người quả cảm)",https://taphuan.nxbgd.vn/tap-huan/doc-sach/sgk-tieng-viet-4-tap-hai.4698852686
Lớp 4,Học kỳ 2,20,tv-g4-b20,Bài 20: Khúc hát ru những em bé lớn trên lưng mẹ,Nguyễn Khoa Điềm,"Đọc diễn cảm bài thơ, cảm nhận tình yêu thương con tha thiết hòa quyện cùng tình yêu quê hương đất nước của người mẹ Tà-ôi.",SGK CHUẨN GDPT 2018,"SGK Tiếng Việt 4 Tập hai — Trang 58, 59 (Chủ điểm 8: Những người quả cảm)",https://taphuan.nxbgd.vn/tap-huan/doc-sach/sgk-tieng-viet-4-tap-hai.4698852686
Lớp 4,Học kỳ 2,21,tv-g4-b21,Bài 21: Vương quốc nụ cười,Theo Truyện ngụ ngôn thế giới,"Đọc hiểu câu chuyện ngụ ngôn, nhận thức giá trị to lớn của tiếng cười và tinh thần lạc quan yêu đời.",SGK CHUẨN GDPT 2018,"SGK Tiếng Việt 4 Tập hai — Trang 64, 65 (Chủ điểm 8: Những người quả cảm)",https://taphuan.nxbgd.vn/tap-huan/doc-sach/sgk-tieng-viet-4-tap-hai.4698852686
Lớp 4,Học kỳ 2,22,tv-g4-b22,Bài 22: Đại hội Trạng Nguyên Tiếng Việt 4,WonderKids — Tự sinh,"Tổng kết kiến thức ngữ pháp và văn học Lớp 4, nâng cao kỹ năng thực hành ngôn ngữ chuẩn mực.",NỘI DUNG TỰ SINH (WonderKids Bổ Trợ),Nội dung tự sinh,
Lớp 5,Học kỳ 1,1,tv-g5-b1,Bài 1: Thư gửi các học sinh,Hồ Chí Minh,"Đọc diễn cảm bức thư lịch sử của Bác Hồ nhân ngày khai trường đầu tiên của nước Việt Nam độc lập, thấu hiểu trách nhiệm của học sinh với tương lai đất nước.",SGK CHUẨN GDPT 2018,"SGK Tiếng Việt 5 Tập một — Trang 10, 11 (Chủ điểm 1: Việt Nam - Tổ quốc em)",https://taphuan.nxbgd.vn/tap-huan/doc-sach/sgk-tieng-viet-5-tap-mot.4699740998
Lớp 5,Học kỳ 1,2,tv-g5-b2,Bài 2: Quang cảnh làng mạc ngày mùa,Tô Hoài,Cảm nhận bức tranh phong cảnh làng quê ngày mùa trù phú qua nghệ thuật miêu tả sắc thái màu vàng tinh tế của nhà văn Tô Hoài.,SGK CHUẨN GDPT 2018,"SGK Tiếng Việt 5 Tập một — Trang 14, 15 (Chủ điểm 1: Việt Nam - Tổ quốc em)",https://taphuan.nxbgd.vn/tap-huan/doc-sach/sgk-tieng-viet-5-tap-mot.4699740998
Lớp 5,Học kỳ 1,3,tv-g5-b3,Bài 3: Sắc màu em yêu,Phạm Đình Ân,"Học thuộc lòng bài thơ, cảm nhận tình yêu thiết tha đối với từng sắc màu gắn liền với Tổ quốc và quê hương.",SGK CHUẨN GDPT 2018,"SGK Tiếng Việt 5 Tập một — Trang 18, 19 (Chủ điểm 1: Việt Nam - Tổ quốc em)",https://taphuan.nxbgd.vn/tap-huan/doc-sach/sgk-tieng-viet-5-tap-mot.4699740998
Lớp 5,Học kỳ 1,4,tv-g5-b4,Bài 4: Lòng dân (Phần 1),Nguyễn Văn Xe,"Đọc phân vai trích đoạn kịch, cảm phục sự bình tĩnh, mưu trí và lòng trung kiên của má Nam Bộ bảo vệ cán bộ cách mạng.",SGK CHUẨN GDPT 2018,"SGK Tiếng Việt 5 Tập một — Trang 22, 23 (Chủ điểm 2: Cánh chim hòa bình)",https://taphuan.nxbgd.vn/tap-huan/doc-sach/sgk-tieng-viet-5-tap-mot.4699740998
Lớp 5,Học kỳ 1,5,tv-g5-b5,Bài 5: Lòng dân (Phần 2),Nguyễn Văn Xe,Hiểu sâu sắc chân lý: Lòng dân là chỗ dựa vững chắc và thành trì kiên cố nhất của cách mạng.,SGK CHUẨN GDPT 2018,"SGK Tiếng Việt 5 Tập một — Trang 26, 27 (Chủ điểm 2: Cánh chim hòa bình)",https://taphuan.nxbgd.vn/tap-huan/doc-sach/sgk-tieng-viet-5-tap-mot.4699740998
Lớp 5,Học kỳ 1,6,tv-g5-b6,Bài 6: Bài ca về trái đất,Định Hải,"Học thuộc lòng bài thơ, khát khao hòa bình, bình đẳng màu da và quyết tâm ngăn chặn chiến tranh hạt nhân.",SGK CHUẨN GDPT 2018,"SGK Tiếng Việt 5 Tập một — Trang 30, 31 (Chủ điểm 2: Cánh chim hòa bình)",https://taphuan.nxbgd.vn/tap-huan/doc-sach/sgk-tieng-viet-5-tap-mot.4699740998
Lớp 5,Học kỳ 1,7,tv-g5-b7,Bài 7: Một chuyên gia máy xúc,Hồng Thủy,"Cảm nhận tình cảm quốc tế trong sáng, tình bạn lao động gắn bó giữa chuyên gia nước ngoài và công nhân Việt Nam.",SGK CHUẨN GDPT 2018,"SGK Tiếng Việt 5 Tập một — Trang 34, 35 (Chủ điểm 2: Cánh chim hòa bình)",https://taphuan.nxbgd.vn/tap-huan/doc-sach/sgk-tieng-viet-5-tap-mot.4699740998
Lớp 5,Học kỳ 1,8,tv-g5-b8,Bài 8: Kì diệu rừng xanh,Nguyễn Phan Hách,"Đọc diễn cảm bài văn tả cảnh rừng nguyên sinh tuyệt mỹ của Nguyễn Phan Hách, bồi dưỡng tình yêu và ý thức bảo tồn thiên nhiên.",SGK CHUẨN GDPT 2018,"SGK Tiếng Việt 5 Tập một — Trang 40, 41 (Chủ điểm 3: Con người với thiên nhiên)",https://taphuan.nxbgd.vn/tap-huan/doc-sach/sgk-tieng-viet-5-tap-mot.4699740998
Lớp 5,Học kỳ 1,9,tv-g5-b9,Bài 9: Trước cổng trời,Nguyễn Đình Thi,"Học thuộc lòng bài thơ, cảm nhận vẻ đẹp hùng vĩ, thơ mộng của vùng cao Tây Bắc và cuộc sống lao động tươi vui của đồng bào các dân tộc.",SGK CHUẨN GDPT 2018,"SGK Tiếng Việt 5 Tập một — Trang 46, 47 (Chủ điểm 3: Con người với thiên nhiên)",https://taphuan.nxbgd.vn/tap-huan/doc-sach/sgk-tieng-viet-5-tap-mot.4699740998
Lớp 5,Học kỳ 1,10,tv-g5-b10,Bài 10: Đất Cà Mau,Mai Văn Tạo,"Đọc hiểu đặc điểm địa lý, thiên nhiên kỳ thú của rừng đước Cà Mau và phẩm chất kiên cường của con người Nam Bộ.",SGK CHUẨN GDPT 2018,"SGK Tiếng Việt 5 Tập một — Trang 52, 53 (Chủ điểm 3: Con người với thiên nhiên)",https://taphuan.nxbgd.vn/tap-huan/doc-sach/sgk-tieng-viet-5-tap-mot.4699740998
Lớp 5,Học kỳ 1,11,tv-g5-b11,Bài 11: Mùa thảo quả,Ma Văn Kháng,Cảm nhận nghệ thuật miêu tả hương thơm và sắc màu tuyệt mỹ của mùa thảo quả chín qua ngòi bút Ma Văn Kháng.,SGK CHUẨN GDPT 2018,"SGK Tiếng Việt 5 Tập một — Trang 58, 59 (Chủ điểm 3: Con người với thiên nhiên)",https://taphuan.nxbgd.vn/tap-huan/doc-sach/sgk-tieng-viet-5-tap-mot.4699740998
Lớp 5,Học kỳ 1,12,tv-g5-b12,Bài 12: Hành trình của bầy ong,Nguyễn Đức Mậu,"Học thuộc lòng bài thơ, ca ngợi đức tính cần cù, kiên trì và lối sống cống hiến ngọt ngào cho đời của loài ong.",SGK CHUẨN GDPT 2018,"SGK Tiếng Việt 5 Tập một — Trang 64, 65 (Chủ điểm 3: Con người với thiên nhiên)",https://taphuan.nxbgd.vn/tap-huan/doc-sach/sgk-tieng-viet-5-tap-mot.4699740998
Lớp 5,Học kỳ 1,13,tv-g5-b13,Bài 13: Người gác rừng tí hon,Theo Báo Khăn Quàng Đỏ,"Ca ngợi lòng dũng cảm, tinh thần cảnh giác và ý thức trách nhiệm bảo vệ rừng của bạn nhỏ.",SGK CHUẨN GDPT 2018,"SGK Tiếng Việt 5 Tập một — Trang 70, 71 (Chủ điểm 4: Giữ gìn màu xanh)",https://taphuan.nxbgd.vn/tap-huan/doc-sach/sgk-tieng-viet-5-tap-mot.4699740998
Lớp 5,Học kỳ 1,14,tv-g5-b14,Bài 14: Trồng rừng ngập mặn,Theo Phan Nguyên Hồng,"Hiểu giá trị to lớn của rừng ngập mặn trong việc chắn sóng bão, bảo vệ môi trường và bờ cõi đất nước.",SGK CHUẨN GDPT 2018,"SGK Tiếng Việt 5 Tập một — Trang 76, 77 (Chủ điểm 4: Giữ gìn màu xanh)",https://taphuan.nxbgd.vn/tap-huan/doc-sach/sgk-tieng-viet-5-tap-mot.4699740998
Lớp 5,Học kỳ 1,15,tv-g5-b15,Bài 15: Hạt gạo làng ta,Trần Đăng Khoa,"Học thuộc lòng bài thơ, cảm nhận công lao nhọc nhằn của người mẹ nông dân làm ra hạt gạo chi viện cho tiền tuyến.",SGK CHUẨN GDPT 2018,"SGK Tiếng Việt 5 Tập một — Trang 82, 83 (Chủ điểm 4: Giữ gìn màu xanh)",https://taphuan.nxbgd.vn/tap-huan/doc-sach/sgk-tieng-viet-5-tap-mot.4699740998
Lớp 5,Học kỳ 1,16,tv-g5-b16,Bài 16: Chuỗi ngọc lam,Theo Truyện nước ngoài,"Đọc hiểu câu chuyện nhân văn sâu sắc, ngợi ca tình yêu thương gia đình và tấm lòng nhân hậu sẻ chia giữa con người.",SGK CHUẨN GDPT 2018,"SGK Tiếng Việt 5 Tập một — Trang 88, 89 (Chủ điểm 4: Giữ gìn màu xanh)",https://taphuan.nxbgd.vn/tap-huan/doc-sach/sgk-tieng-viet-5-tap-mot.4699740998
Lớp 5,Học kỳ 2,17,tv-g5-b17,Bài 17: Người công dân số Một (Phần 1),Hà Văn Cầu,"Đọc phân vai trích đoạn kịch lịch sử, khâm phục lòng yêu nước cháy bỏng và ý chí ra đi tìm đường cứu nước của người thanh niên Nguyễn Tất Thành.",SGK CHUẨN GDPT 2018,"SGK Tiếng Việt 5 Tập hai — Trang 10, 11 (Chủ điểm 5: Người công dân)",https://taphuan.nxbgd.vn/tap-huan/doc-sach/sgk-tieng-viet-5-tap-hai.4699750731
Lớp 5,Học kỳ 2,18,tv-g5-b18,Bài 18: Người công dân số Một (Phần 2),Hà Văn Cầu,Khắc sâu mốc son lịch sử ngày Bác Hồ ra đi tìm đường cứu nước từ Bến cảng Nhà Rồng năm 1911.,SGK CHUẨN GDPT 2018,"SGK Tiếng Việt 5 Tập hai — Trang 16, 17 (Chủ điểm 5: Người công dân)",https://taphuan.nxbgd.vn/tap-huan/doc-sach/sgk-tieng-viet-5-tap-hai.4699750731
Lớp 5,Học kỳ 2,19,tv-g5-b19,Bài 19: Thái sư Trần Thủ Độ,Theo Đại Việt sử ký toàn thư,"Đọc hiểu câu chuyện lịch sử, khâm phục đức tính chí công vô tư và sự nghiêm minh giữ gìn phép nước của Thái sư Trần Thủ Độ.",SGK CHUẨN GDPT 2018,"SGK Tiếng Việt 5 Tập hai — Trang 22, 23 (Chủ điểm 6: Nhớ nguồn)",https://taphuan.nxbgd.vn/tap-huan/doc-sach/sgk-tieng-viet-5-tap-hai.4699750731
Lớp 5,Học kỳ 2,20,tv-g5-b20,Bài 20: Phong cảnh đền Hùng,Đoàn Minh Tuấn,"Đọc hiểu áng văn tả cảnh Đền Hùng tráng lệ, bồi dưỡng đạo lý truyền thống",SGK CHUẨN GDPT 2018,"SGK Tiếng Việt 5 Tập hai — Trang 28, 29 (Chủ điểm 6: Nhớ nguồn)",https://taphuan.nxbgd.vn/tap-huan/doc-sach/sgk-tieng-viet-5-tap-hai.4699750731
Lớp 5,Học kỳ 2,21,tv-g5-b21,Bài 21: Đất nước,Nguyễn Đình Thi,"Học thuộc lòng bài thơ Đất nước, cảm nhận niềm tự hào làm chủ giang sơn và truyền thống bất khuất của dân tộc Việt Nam.",SGK CHUẨN GDPT 2018,"SGK Tiếng Việt 5 Tập hai — Trang 34, 35 (Chủ điểm 6: Nhớ nguồn)",https://taphuan.nxbgd.vn/tap-huan/doc-sach/sgk-tieng-viet-5-tap-hai.4699750731
Lớp 5,Học kỳ 2,22,tv-g5-b22,Bài 22: Nghĩa thầy trò,Hà Ân,"Đọc hiểu câu chuyện lịch sử về người thầy lỗi lạc Chu Văn An, bồi dưỡng truyền thống",SGK CHUẨN GDPT 2018,"SGK Tiếng Việt 5 Tập hai — Trang 40, 41 (Chủ điểm 7: Nghĩa sư đệ)",https://taphuan.nxbgd.vn/tap-huan/doc-sach/sgk-tieng-viet-5-tap-hai.4699750731
Lớp 5,Học kỳ 2,23,tv-g5-b23,Bài 23: Tranh làng Hồ,Nguyễn Tuân,Cảm nhận tình yêu và niềm tự hào về nghệ thuật tranh khắc gỗ dân gian Đông Hồ qua áng văn tinh tế của Nguyễn Tuân.,SGK CHUẨN GDPT 2018,"SGK Tiếng Việt 5 Tập hai — Trang 46, 47 (Chủ điểm 7: Nghĩa sư đệ)",https://taphuan.nxbgd.vn/tap-huan/doc-sach/sgk-tieng-viet-5-tap-hai.4699750731
Lớp 5,Học kỳ 2,24,tv-g5-b24,Bài 24: Út Vịnh,Theo Báo Thiếu niên Tiền phong,Ca ngợi hành động dũng cảm quên mình cứu người và ý thức bảo vệ an toàn giao thông đường sắt của bạn Út Vịnh.,SGK CHUẨN GDPT 2018,"SGK Tiếng Việt 5 Tập hai — Trang 52, 53 (Chủ điểm 8: Những chủ nhân tương lai)",https://taphuan.nxbgd.vn/tap-huan/doc-sach/sgk-tieng-viet-5-tap-hai.4699750731
Lớp 5,Học kỳ 2,25,tv-g5-b25,Bài 25: Đại hội Trạng Nguyên Tiếng Việt 5 Toàn Quốc,WonderKids — Tự sinh,"Tổng kết toàn diện kiến thức Ngữ pháp - Văn học cấp Tiểu học, sẵn sàng chuyển cấp vào Lớp 6 với nền tảng Tiếng Việt vững chắc.",NỘI DUNG TỰ SINH (WonderKids Bổ Trợ),Nội dung tự sinh,
